id,date,time,user_raw,venue_raw,venue_norm,purpose,headcount,amount,per_person,method,year_month,hour,flags
2025-06-x-e026d2,2025-06-02,12:37:25,부의장,토담마을,토담마을,지역현안 논의에 따른 유관기관 관계자 간담회,6,148000,24666.666666666668,카드,2025-06,12,seq_corrupt
2025-06-2-0cc59c,2025-06-02,12:48:04,부의장,스타벅스코리아,스타벅스코리아,지역민원 및 현안 논의에 따른 관계자 간담회,5,23500,4700,카드,2025-06,12,
2025-06-3-dd70b5,2025-06-02,12:53:47,부의장,스타벅스코리아,스타벅스코리아,지역민원 및 현안 논의에 따른 관계자 간담회,2,7100,3550,카드,2025-06,12,
2025-06-4-2acf66,2025-06-02,21:09:50,의장,사조회참치장한평점,사조회참치장한평점,현안 관련 관계자 간담회,7,147000,21000,카드,2025-06,21,
2025-06-5-ff5d6e,2025-06-04,18:36:54,의장,사조회참치장한평점,사조회참치장한평점,관련 유관기관 관계자 간담회 민원 및 현안,15,296000,19733.333333333332,카드,2025-06,18,
2025-06-6-86246b,2025-06-04,21:41:25,운영위원장,우리곱창,우리곱창,민원 현안 관련 관계자 간담회 및,4,88000,22000,카드,2025-06,21,
2025-06-7-661f80,2025-06-09,12:31:28,복지건설위원장,스타벅스코리아,스타벅스코리아,관계자 간담회 현안 관련,,49200,,카드,2025-06,12,headcount_invalid
2025-06-8-09bad4,2025-06-09,18:35:23,의장,나누리 흑염소 전문,나누리흑염소전문,현안 관련 관계자 간담회,3,93000,31000,카드,2025-06,18,
2025-06-9-4831af,2025-06-09,20:01:57,복지건설위원장,동강오리,동강오리,현안업무 추진 사무국 직원 격려 간담회,3,76000,25333.333333333332,카드,2025-06,20,
2025-06-10-3e0106,2025-06-10,11:51:41,의장,경성농장,경성농장,민원 및 관련 유관기관 관계자 간담회 현안,18,276000,15333.333333333334,카드,2025-06,11,
2025-06-11-80f4cd,2025-06-10,12:07:07,의장,메가엠지씨커피 동대,메가엠지씨커피동대,및 관련 유관기관 민원 현안 관계자 간담회,18,56000,3111.1111111111113,카드,2025-06,12,
2025-06-12-7a1ceb,2025-06-10,19:16:33,의장,나누리 흑염소 전문,나누리흑염소전문,민원 및 관련 유관기관 관계자 간담회 현안,,184000,,카드,2025-06,19,headcount_invalid
2025-06-13-de41d8,2025-06-11,20:05:54,복지건설위원장,한우천국,한우천국,민원 관련 유관기관 관계자 간담회,8,222000,27750,카드,2025-06,20,
2025-06-14-ee12c5,2025-06-11,22:23:54,의장,한근숯불닭갈비,한근숯불닭갈비,현안 관련 관계자 간담회,15,230000,15333.333333333334,카드,2025-06,22,
2025-06-15-307365,2025-06-12,12:09:39,의장,경성농장,경성농장,현안업무 추진 사무국 직원 격려 간담회,18,248000,13777.777777777777,카드,2025-06,12,
2025-06-16-2ac87b,2025-06-12,12:13:22,의장,메가엠지씨커피 동대,메가엠지씨커피동대,현안업무 추진 사무국 직원 간담회 격려,18,36000,2000,카드,2025-06,12,
2025-06-17-830193,2025-06-13,19:31:17,운영위원장,(주)유래회관,(주)유래회관,의회현안업무 논의에 따른 관계자 간담회,3,108000,36000,카드,2025-06,19,
2025-06-x-5e3301,2025-06-16,19:23:53,의장,(주)유성집,(주)유성집,의회현안업무 논의에 따른 관계자 간담회,,107000,,,2025-06,19,user_inherited|seq_corrupt|headcount_missing
2025-06-18-e71f1a,2025-06-16,13:22:41,의장,오늘은 밥대장,오늘은밥대장,및 현안 민원 관련 관계자 간담회,12,110400,9200,카드,2025-06,13,
2025-06-x-df92c0,2025-06-17,11:28:56,의장,식탐한식부페,식탐한식부페,현안 관련 관계자 간담회,11,93500,8500,,2025-06,11,user_inherited|seq_corrupt
2025-06-x-504430,2025-06-17,19:59:29,의장,미스사이공 장안점,미스사이공장안점,현안업무 추진 사무국 직원 격려 간담회,4,51000,12750,,2025-06,19,user_inherited|seq_corrupt
2025-06-x-5c06d1,2025-06-18,12:54:46,의장,남원,남원,현안업무 추진 사무국 직원 격려 간담회,10,123000,12300,,2025-06,12,user_inherited|seq_corrupt
2025-06-x-12a567,2025-06-18,19:42:31,의장,송가네,송가네,현안 관련 관계자 간담회,,291000,,,2025-06,19,user_inherited|seq_corrupt|headcount_missing
2025-06-x-3d2b63,2025-06-19,11:16:07,의장,전골마을,전골마을,현안 관련 유관단체 관계자 간담회,15,229000,15266.666666666666,,2025-06,11,user_inherited|seq_corrupt
2025-06-x-261d41,2025-06-19,13:23:55,의장,메가엠지씨커피 동대,메가엠지씨커피동대,민원 및 현안 관련 관계자 간담회,5,17200,3440,,2025-06,13,user_inherited|seq_corrupt
2025-06-x-e36b1c,2025-06-19,20:04:55,의장,천호낙지,천호낙지,현안 관련 관계자 간담회,4,100000,25000,,2025-06,20,user_inherited|seq_corrupt
2025-06-x-ed0722,2025-06-19,21:49:35,의장,마구로준,마구로준,현안 관련 관계자 간담회,4,91000,22750,,2025-06,21,user_inherited|seq_corrupt
2025-06-x-b9fc39,2025-06-20,17:44:00,의장,골목막창,골목막창,현안 관련 관계자 간담회,,293000,,,2025-06,17,user_inherited|seq_corrupt|headcount_missing
2025-06-x-0fd721,2025-06-20,19:12:08,의장,이프로,이프로,현안 관련 관계자 간담회,5,68000,13600,,2025-06,19,user_inherited|seq_corrupt
2025-06-x-1618df,2025-06-20,19:17:18,의장,우리돈,우리돈,민원 및 현안 관련 관계자 간담회,17,403000,23705.882352941175,,2025-06,19,user_inherited|seq_corrupt
2025-06-x-d1c8de,2025-06-23,14:52:48,의장,동강오리,동강오리,민원 및 현안 관련 유관기관 관계자 간담회,9,287000,31888.88888888889,,2025-06,14,user_inherited|seq_corrupt
2025-06-x-8fd492,2025-06-23,20:18:17,의장,김연례 대원한방능이,김연례대원한방능이,민원 및 현안 관련 유관기관 관계자 간담회,6,150000,25000,,2025-06,20,user_inherited|seq_corrupt
2025-06-x-2b43ae,2025-06-23,20:46:22,의장,씨마트2,씨마트2,지역민원 및 현안 논의에 따른 관계자 간담회,3,150000,50000,,2025-06,20,user_inherited|seq_corrupt
2025-06-x-9247cd,2025-06-24,12:35:23,의장,더테이블,더테이블,현안업무 추진 사무국 직원 격려 간담회,9,284000,31555.555555555555,,2025-06,12,user_inherited|seq_corrupt
2025-06-x-23124d,2025-06-24,13:01:54,의장,최강낙지,최강낙지,현안 관련 관계자 간담회,8,164000,20500,,2025-06,13,user_inherited|seq_corrupt
2025-06-x-2f6211,2025-06-24,19:03:13,의장,모리야 롯데 청량리점,모리야롯데청량리점,현안업무 추진 사무국 직원 격려 간담회,8,132000,16500,,2025-06,19,user_inherited|seq_corrupt
2025-06-x-130fda,2025-06-24,21:41:21,의장,하루원,하루원,민원 및 현안 관련 관계자 간담회,5,150000,30000,,2025-06,21,user_inherited|seq_corrupt
2025-06-x-64b783,2025-06-30,12:37:10,의장,이디야(시립대점),이디야(시립대점),현안 관련 관계자 간담회,3,14400,4800,,2025-06,12,user_inherited|seq_corrupt
2025-06-x-77cb98,2025-06-30,12:48:07,의장,(주)유래회관,(주)유래회관,현안 관련 관계자 간담회,4,154000,38500,,2025-06,12,user_inherited|seq_corrupt
2025-06-x-07cd0a,2025-06-30,19:26:01,의장,씨마트,씨마트,지역민원 및 현안 논의에 따른 관계자 간담회,,150000,,,2025-06,19,user_inherited|seq_corrupt|headcount_missing
2025-06-x-404537,2025-06-30,20:58:46,의장,부산횟집,부산횟집,민원 및 현안 관련 유관기관 관계자 간담회,3,84000,28000,,2025-06,20,user_inherited|seq_corrupt
2025-07-1-b4f249,2025-07-01,12:40:36,부의장,해송,해송,지역현안 관련 관계자 간담회,3,51000,17000,카드,2025-07,12,
2025-07-2-a5bebe,2025-07-01,20:11:31,복지건설위원장,오슬로우커피 답십리,오슬로우커피답십리,현안 관련 유관기관 관계자 간담회,7,35600,5085.714285714285,카드,2025-07,20,
2025-07-3-55aa3c,2025-07-01,20:55:24,행정기획위원장,아사쿠사,아사쿠사,현안 관련 유관단체 관계자 간담회,8,163000,20375,카드,2025-07,20,
2025-07-4-dbfddf,2025-07-02,12:32:16,복지건설위원장,우리칼국수,우리칼국수,현안 관련 유관기관 관계자 간담회,2,19800,9900,카드,2025-07,12,
2025-07-5-ecef33,2025-07-02,13:44:43,부의장,최강낙지,최강낙지,지역현안 관련 유관단체 관계자 간담회,4,111000,27750,카드,2025-07,13,
2025-07-6-fa6821,2025-07-02,19:05:29,운영위원장,찌마기용두점,찌마기용두점,현안 관련 관계자 간담회,5,126500,25300,카드,2025-07,19,
2025-07-7-9da4b1,2025-07-02,19:20:56,의장,알리고,알리고,민원 및 현안 관련 유관기관 관계자 간담회,11,296000,26909.090909090908,카드,2025-07,19,
2025-07-8-cdd2f2,2025-07-03,12:25:31,의장,최강낙지,최강낙지,현안업무 추진 사무국 직원 격려 간담회,4,48000,12000,카드,2025-07,12,
2025-07-9-2b2382,2025-07-03,13:24:14,복지건설위원장,장어세상,장어세상,민원 및 현안 관련 유관기관 관계자 간담회,4,138000,34500,카드,2025-07,13,
2025-07-10-2cac5a,2025-07-03,13:36:18,운영위원장,장어시대,장어시대,민원 및 현안 관련 유관기관 관계자 간담회,7,314000,44857.142857142855,카드,2025-07,13,
2025-07-11-b8b826,2025-07-03,19:31:08,의장,김가네보쌈 명태찜,김가네보쌈명태찜,민원 및 현안 관련 관계자 간담회,8,114000,14250,카드,2025-07,19,
2025-07-12-7a158c,2025-07-04,18:28:29,운영위원장,비비큐(BBQ)중랑역점,비비큐(BBQ)중랑역점,민원 및 현안 관련 관계자 간담회,3,67500,22500,카드,2025-07,18,
2025-07-13-9ade5d,2025-07-04,19:33:38,부의장,동호일식,동호일식,지역민원 및 현안 관련 관계자 간담회,6,200000,33333.333333333336,카드,2025-07,19,
2025-07-14-28d744,2025-07-04,21:22:20,의장,동강오리,동강오리,민원 및 현안 관련 관계자 간담회,12,256000,21333.333333333332,카드,2025-07,21,
2025-07-15-fac324,2025-07-07,12:40:40,복지건설위원장,조영환의 대양한방숯,조영환의대양한방숯,현안 관련 관계자 간담회,8,280000,35000,카드,2025-07,12,
2025-07-16-58aa1b,2025-07-07,18:36:00,의장,다올낙지,다올낙지,현안 관련 유관단체 관계자 간담회,5,75000,15000,카드,2025-07,18,
2025-07-17-5f2403,2025-07-08,11:37:28,복지건설위원장,동강오리,동강오리,민원 및 현안 관련 관계자 간담회,6,172000,28666.666666666668,카드,2025-07,11,
2025-07-18-8a85b6,2025-07-08,20:08:12,의장,본가남원추어탕,본가남원추어탕,현안 관련 관계자 간담회,12,164000,13666.666666666666,카드,2025-07,20,
2025-07-19-5bb0b1,2025-07-08,20:59:28,부의장,홍가네,홍가네,의회현안업무 논의에 따른 관계자 간담회,12,292000,24333.333333333332,카드,2025-07,20,
2025-07-20-8d8c19,2025-07-09,12:37:33,의장,남원,남원,현안업무 추진 사무국 직원 격려 간담회,6,60000,10000,카드,2025-07,12,
2025-07-21-2a755e,2025-07-09,12:56:08,운영위원장,용두동쭈꾸미,용두동쭈꾸미,현안업무 추진 사무국 직원 격려 간담회,8,263000,32875,카드,2025-07,12,
2025-07-22-8ebe23,2025-07-09,19:28:54,부의장,장군뽈따구,장군뽈따구,민원 및 현안 관련 관계자 간담회,13,297000,22846.153846153848,카드,2025-07,19,
2025-07-23-b3f72c,2025-07-09,19:40:08,복지건설위원장,지호한방삼계탕,지호한방삼계탕,현안업무 추진 사무국 직원 격려 간담회,4,88000,22000,카드,2025-07,19,
2025-07-24-f97c32,2025-07-09,20:29:43,의장,일번지푸드(주),일번지푸드(주),민원 및 현안 관련 유관단체 관계자 간담회,7,210000,30000,카드,2025-07,20,
2025-07-25-7dcb6c,2025-07-10,20:08:46,운영위원장,용두동복집,용두동복집,현안 관련 유관기관 관계자 간담회,10,446000,44600,카드,2025-07,20,
2025-07-26-291623,2025-07-11,19:39:54,복지건설위원장,아름다운짜장,아름다운짜장,현안업무 추진 사무국 직원 격려 간담회,5,127000,25400,카드,2025-07,19,
2025-07-27-ff3e48,2025-07-11,21:28:36,행정기획위원장,부산횟집,부산횟집,민원 및 현안 관련 관계자 간담회,8,266000,33250,카드,2025-07,21,
2025-07-28-f90f80,2025-07-14,13:16:11,의장,최강낙지,최강낙지,민원 및 현안 관련 관계자 간담회,11,179000,16272.727272727272,카드,2025-07,13,
2025-07-29-da0f6e,2025-07-14,13:26:11,행정기획위원장,송가네,송가네,민원 및 현안 관련 유관단체 관계자 간담회,13,260000,20000,카드,2025-07,13,
2025-07-30-eec1ac,2025-07-14,20:29:48,의장,명품한방삼계탕,명품한방삼계탕,현안 관련 유관단체 관계자 간담회,8,158000,19750,카드,2025-07,20,
2025-07-31-d3a688,2025-07-14,20:44:24,복지건설위원장,동강오리,동강오리,민원 및 현안 관련 관계자 간담회,7,195000,27857.14285714286,카드,2025-07,20,
2025-07-32-b41af9,2025-07-15,12:54:31,운영위원장,모리야 롯데 청량리,모리야롯데청량리점,민원 및 현안 관련 관계자 간담회,3,62000,20666.666666666668,카드,2025-07,12,
2025-07-33-25f05c,2025-07-15,13:22:20,복지건설위원장,한춘상 일미간장게장,한춘상일미간장게장,민원 및 현안 관련 유관기관 관계자 간담회,3,79000,26333.333333333332,카드,2025-07,13,
2025-07-34-99057a,2025-07-15,21:14:40,의장,풍미담,풍미담,현안 관련 관계자 간담회,13,289000,22230.76923076923,카드,2025-07,21,
2025-07-35-9f80cc,2025-07-16,13:21:10,운영위원장,제이에이치베이커리,제이에이치베이커리,민원 및 현안 관련 관계자 간담회,4,45000,11250,카드,2025-07,13,
2025-07-36-c08a3a,2025-07-16,17:43:12,행정기획위원장,우일식당,우리식당,민원 및 현안 관련 관계자 간담회,9,198000,22000,카드,2025-07,17,
2025-07-37-092155,2025-07-16,18:30:10,의장,압구정찌개마을,압구정찌개마을,민원 및 현안 관련 관계자 간담회,11,130000,11818.181818181818,카드,2025-07,18,
2025-07-38-94d402,2025-07-17,12:11:46,부의장,경성농장,경성농장,지역현안 관련 유관단체 관계자 간담회,8,168000,21000,카드,2025-07,12,
2025-07-39-996bd2,2025-07-17,19:45:14,복지건설위원장,본가칼국수,본가칼국수,지역민원 및 현안 논의에 따른 관계자 간담회,4,89000,22250,카드,2025-07,19,
2025-07-40-435aeb,2025-07-17,21:08:08,부의장,(주)고깃집공간,(주)고깃집공간,지역민원 관련 관계자 간담회,12,230000,19166.666666666668,카드,2025-07,21,
2025-07-41-125999,2025-07-18,11:06:23,의장,천호낙지,천호낙지,민원 및 현안 관련 유관기관 관계자 간담회,9,135000,15000,카드,2025-07,11,
2025-07-42-504e1d,2025-07-18,20:33:43,의장,조선감저,조선감저,현안 관련 관계자 간담회,12,163000,13583.333333333334,카드,2025-07,20,
2025-07-43-e2be6e,2025-07-18,21:26:34,행정기획위원장,김연례 대원한방능이,김연례대원한방능이,민원 및 현안 관련 관계자 간담회,9,150000,16666.666666666668,카드,2025-07,21,
2025-07-44-7e2336,2025-07-21,12:00:46,의장,강박사 쌈밥,강박사쌈밥,현안 관련 관계자 간담회,4,56000,14000,카드,2025-07,12,
2025-07-45-fac974,2025-07-21,21:09:34,의장,동강오리,동강오리,민원 및 현안 관련 유관단체 관계자 간담회,16,276000,17250,카드,2025-07,21,
2025-07-46-8ed441,2025-07-22,14:10:47,의장,해다원해물찜,해다원해물찜,민원 및 현안 관련 관계자 간담회,5,71000,14200,카드,2025-07,14,
2025-07-47-8f36d6,2025-07-22,20:50:49,부의장,풍천숯불장어세상,풍천숯불장어세상,제345회 임시회 관련 의회 현안 관계자 간담회,9,134000,14888.888888888889,카드,2025-07,20,
2025-07-48-91ee1e,2025-07-22,21:51:29,의장,풍천만물장어,풍천만물장어,민원 및 현안 관련 유관단체 관계자 간담회,3,81500,27166.666666666668,카드,2025-07,21,
2025-07-49-c6dc3d,2025-07-22,22:30:27,부의장,밤푸스치킨,밤푸스치킨,민원 및 현안 관련 관계자 간담회,5,85000,17000,카드,2025-07,22,
2025-07-50-88d401,2025-07-24,12:59:06,부의장,제주은희네해장국,제주은희네해장국,제345회 임시회 관련 의회 현안 관계자 간담회,2,24000,12000,카드,2025-07,12,
2025-07-51-b85b5f,2025-07-24,16:01:30,부의장,빽다방 신이문역점,빽다방신이문역점,제345회 임시회 관련 유관단체 관계자 간담회,22,68000,3090.909090909091,카드,2025-07,16,
2025-07-52-68cbd1,2025-07-25,11:17:38,운영위원장,마호가니 커피 청량리,마호가니커피청량리,민원 및 현안 관련 관계자 간담회,3,16900,5633.333333333333,카드,2025-07,11,
2025-07-53-e63220,2025-07-25,12:50:53,복지건설위원장,원성집,원성집,현안 관련 유관기관 관계자 간담회,3,65000,21666.666666666668,카드,2025-07,12,
2025-07-54-f2dc18,2025-07-25,18:23:59,의장,무교동맷돌파전,무교동맷돌파전,민원 및 현안 관련 관계자 간담회,3,42000,14000,카드,2025-07,18,
2025-07-55-cbda5a,2025-07-28,12:45:36,의장,나누리 흑염소 전문,나누리흑염소전문,현안업무 추진 사무국 직원 격려 간담회,6,144000,24000,카드,2025-07,12,
2025-07-56-60b512,2025-07-28,13:21:27,행정기획위원장,아소정 청량리,아소정청량리,현안 관련 관계자 간담회,4,76000,19000,카드,2025-07,13,
2025-07-57-10326a,2025-07-28,13:58:20,부의장,팬스테이크키친,팬스테이크키친,의회현안업무 논의에 따른 관계자 간담회,3,92000,30666.666666666668,카드,2025-07,13,
2025-07-58-b5ec51,2025-07-28,14:09:15,운영위원장,로커보어테이블 청량리,로커보어테이블청량리,의회현안업무 논의에 따른 관계자 간담회,3,17900,5966.666666666667,카드,2025-07,14,
2025-07-59-28bb38,2025-07-28,19:35:10,의장,경성농장,경성농장,민원 및 현안 관련 관계자 간담회,18,286000,15888.888888888889,카드,2025-07,19,
2025-07-60-1276d0,2025-07-28,19:50:55,운영위원장,템포커피 용두동중앙,템포커피용두동중앙,민원 및 현안 관련 관계자 간담회,2,7000,3500,카드,2025-07,19,
2025-07-61-162ab7,2025-07-28,20:37:01,운영위원장,용두똥돼지,용두똥돼지,현안 관련 관계자 간담회,6,297000,49500,카드,2025-07,20,
2025-07-62-1f2d5a,2025-07-29,13:04:12,복지건설위원장,경북칼국수,경북칼국수,현안업무 추진 사무국 직원 격려 간담회,4,46000,11500,카드,2025-07,13,
2025-07-63-c0d3a4,2025-07-29,13:18:32,행정기획위원장,송가네,송가네,현안 관련 관계자 간담회,15,345000,23000,카드,2025-07,13,
2025-07-64-812a75,2025-07-29,18:13:34,의장,나누리 흑염소 전문,나누리흑염소전문,민원 및 현안 관련 유관기관 관계자 간담회,7,112000,16000,카드,2025-07,18,
2025-07-65-48981e,2025-07-29,19:21:20,운영위원장,고기여행,고기여행,민원 및 현안 관련 관계자 간담회,4,122000,30500,카드,2025-07,19,
2025-07-66-1a6fef,2025-07-30,12:21:12,운영위원장,남해바다,남해바다,의회현안업무 논의에 따른 관계자 간담회,2,40000,20000,카드,2025-07,12,
2025-07-67-db8035,2025-07-30,12:22:52,부의장,광주회관,광주회관,지역현안 관련 유관기관 관계자 간담회,12,272000,22666.666666666668,카드,2025-07,12,
2025-07-68-e1b945,2025-07-30,18:37:18,의장,천복집흑염소상봉1호,천복집흑염소상봉1호,현안 관련 관계자 간담회,4,80000,20000,카드,2025-07,18,
2025-07-69-fbbb90,2025-07-31,12:02:10,행정기획위원장,전골마을,전골마을,민원 및 현안 관련 유관단체 관계자 간담회,19,290000,15263.157894736842,카드,2025-07,12,
2025-07-70-86ed88,2025-07-31,16:45:19,의장,한근숯불닭갈비,한근숯불닭갈비,민원 및 현안 관련 관계자 간담회,10,152000,15200,카드,2025-07,16,
2025-08-x-acae83,2025-08-01,18:53:46,운영위원장,와규스타(WAGYUSTAR),와규스타(WAGYUSTAR),현안 관련 관계자 간담회,4,164000,41000,카드,2025-08,18,seq_corrupt
2025-08-2-4a6de3,2025-08-04,19:19:36,행정기획위원장,흑선,흑선,현안 관련 관계자 간담회,4,94500,23625,카드,2025-08,19,
2025-08-3-fd736d,2025-08-04,19:45:54,복지건설위원장,장안칼국수,장안칼국수,현안업무 추진 사무국 직원 격려 간담회,3,65000,21666.666666666668,카드,2025-08,19,
2025-08-4-b1db22,2025-08-05,12:43:20,복지건설위원장,골목냉면,골목냉면,민원 및 현안 관련 관계자 간담회,2,44000,22000,카드,2025-08,12,
2025-08-5-8dcbca,2025-08-05,13:41:12,행정기획위원장,만나네 마라탕,만나네마라탕,민원 및 현안 관련 유관기관 관계자 간담회,3,43900,14633.333333333334,카드,2025-08,13,
2025-08-6-0255c6,2025-08-05,21:47:49,복지건설위원장,빛나는 바다,빛나는바다,민원 및 현안 관련 관계자 간담회,5,169000,33800,카드,2025-08,21,
2025-08-x-5efc4a,2025-08-07,18:14:13,의장,조영환의 대양한방숯,조영환의대양한방숯,및 관련 유관기관 관계자 간담회 민원 현안,12,400000,33333.333333333336,카드,2025-08,18,seq_corrupt
2025-08-7-0cfa1a,2025-08-07,12:28:49,행정기획위원장,이디야동부병원사거,이디야동부병원사거,의회현안업무 논의에 따른 관계자 간담회,3,11000,3666.6666666666665,카드,2025-08,12,
2025-08-8-7866e4,2025-08-07,12:55:47,복지건설위원장,최강낙지,최강낙지,현안 관련 관계자 간담회,6,174000,29000,카드,2025-08,12,
2025-08-9-9f0df4,2025-08-07,14:05:04,운영위원장,메가엠지씨커피 동대,메가엠지씨커피동대,지역민원 및 현안 논의에 따른 관계자 간담회,3,20000,6666.666666666667,카드,2025-08,14,
2025-08-11-7afb78,2025-08-07,19:31:50,운영위원장,본추추어탕,본추추어탕,민원 및 현안 관련 관계자 간담회,3,84000,28000,카드,2025-08,19,
2025-08-12-a3defb,2025-08-07,20:33:20,행정기획위원장,흑선,흑선,민원 관계자 간담회 및 현안 관련,4,103500,25875,카드,2025-08,20,
2025-08-13-18dcf7,2025-08-08,12:44:32,운영위원장,본죽&비빔밥카페 제,본죽&비빔밥카페제,민원 및 관련 관계자 간담회 현안,2,22000,11000,카드,2025-08,12,
2025-08-14-8add7e,2025-08-08,13:21:04,복지건설위원장,다옴감자탕 양평해장,다옴감자탕양평해장,현안 관련 유관기관 관계자 간담회,7,220000,31428.571428571428,카드,2025-08,13,
2025-08-15-a545bc,2025-08-08,18:02:25,행정기획위원장,김연례 대원한방능이,김연례대원한방능이,및 유관단체 관계자 간담회 민원 현안 관련,7,140000,20000,카드,2025-08,18,
2025-08-16-ab2bd8,2025-08-08,21:15:47,운영위원장,하루원,하루원,관련 유관기관 관계자 간담회 현안,5,190000,38000,카드,2025-08,21,
2025-08-17-147b06,2025-08-11,19:33:30,복지건설위원장,오리명가,오리명가,민원 현안 관련 유관기관 관계자 간담회 및,5,152000,30400,카드,2025-08,19,
2025-08-18-a13390,2025-08-11,21:39:53,행정기획위원장,장안정,장안정,관련 관계자 간담회 현안,9,150000,16666.666666666668,카드,2025-08,21,
2025-08-x-0a70c8,2025-08-13,12:08:10,행정기획위원장,싸왓디타이,싸왓디타이,민원 및 현안 관련 관계자 간담회,6,81000,13500,,2025-08,12,user_inherited|seq_corrupt
2025-08-x-025517,2025-08-13,18:33:47,행정기획위원장,(주)유성집,(주)유성집,지역민원 관련 관계자 간담회,,104000,,,2025-08,18,user_inherited|seq_corrupt|headcount_missing
2025-08-x-b45a7a,2025-08-13,21:24:03,행정기획위원장,두리양대창,두리양대창,의회현안업무 논의에 따른 관계자 간담회,5,173000,34600,,2025-08,21,user_inherited|seq_corrupt
2025-08-x-69cc21,2025-08-14,12:17:08,행정기획위원장,최강낙지,최강낙지,현안업무 추진 사무국 직원 격려 간담회,4,54000,13500,,2025-08,12,user_inherited|seq_corrupt
2025-08-x-086814,2025-08-14,13:15:58,행정기획위원장,조영환의 대양한방숯,조영환의대양한방숯,민원 및 현안 관련 유관기관 관계자 간담회,5,140000,28000,,2025-08,13,user_inherited|seq_corrupt
2025-08-x-f79ef2,2025-08-14,18:15:09,행정기획위원장,동호식당,동호식당,민원 및 현안 관련 유관기관 관계자 간담회,10,160000,16000,,2025-08,18,user_inherited|seq_corrupt
2025-08-x-fe3248,2025-08-14,20:21:32,행정기획위원장,최강낙지,최강낙지,현안 관련 관계자 간담회,4,152000,38000,,2025-08,20,user_inherited|seq_corrupt
2025-08-x-730bf7,2025-08-18,12:24:05,행정기획위원장,오리명가,오리명가,민원 및 현안 관련 유관기관 관계자 간담회,4,136000,34000,,2025-08,12,user_inherited|seq_corrupt
2025-08-x-406da4,2025-08-18,13:03:44,행정기획위원장,북배산흑염소요리,북배산흑염소요리,현안 관련 관계자 간담회,4,120000,30000,,2025-08,13,user_inherited|seq_corrupt
2025-08-x-e0cb69,2025-08-18,18:33:50,행정기획위원장,동호식당,동호식당,현안 관련 관계자 간담회,2,20000,10000,,2025-08,18,user_inherited|seq_corrupt
2025-08-x-782a12,2025-08-18,21:22:14,행정기획위원장,꼬지사께 서일핵밥,꼬지사께서일핵밥,의회현안업무 논의에 따른 관계자 간담회,7,135700,19385.714285714286,,2025-08,21,user_inherited|seq_corrupt
2025-08-x-4f5f33,2025-08-19,20:10:26,행정기획위원장,용두똥돼지,용두똥돼지,민원 및 현안 관련 관계자 간담회,12,297000,24750,,2025-08,20,user_inherited|seq_corrupt
2025-08-x-9c06fe,2025-08-20,12:36:04,행정기획위원장,남원,남원,의회현안업무 논의에 따른 관계자 간담회,5,70000,14000,,2025-08,12,user_inherited|seq_corrupt
2025-08-x-3417d8,2025-08-20,17:13:13,행정기획위원장,장어세상,장어세상,의회현안업무 논의에 따른 관계자 간담회,5,76000,15200,,2025-08,17,user_inherited|seq_corrupt
2025-08-x-60a0a2,2025-08-21,13:56:06,행정기획위원장,최강낙지,최강낙지,현안업무 추진 사무국 직원 격려 간담회,,94000,,,2025-08,13,user_inherited|seq_corrupt|headcount_missing
2025-08-x-48e0b6,2025-08-21,18:26:35,행정기획위원장,춘향골남원추어탕성,춘향골남원추어탕성,지역현안 관련 관계자 간담회,,30000,,,2025-08,18,user_inherited|seq_corrupt|headcount_missing
2025-08-x-a64246,2025-08-22,10:49:42,행정기획위원장,고봉산 뼈칼국수,고봉산뼈칼국수,현안 관련 관계자 간담회,9,110000,12222.222222222223,,2025-08,10,user_inherited|seq_corrupt
2025-08-x-49f1b5,2025-08-25,19:47:48,행정기획위원장,전골마을,전골마을,민원 및 현안 관련 유관단체 관계자 간담회,15,219000,14600,,2025-08,19,user_inherited|seq_corrupt
2025-08-x-1ac76d,2025-08-28,12:22:59,행정기획위원장,최강낙지,최강낙지,민원 및 현안 관련 유관기관 관계자 간담회,3,118000,39333.333333333336,,2025-08,12,user_inherited|seq_corrupt
2025-08-x-557db1,2025-08-28,17:30:56,행정기획위원장,오리명가,오리명가,민원 및 현안 관련 유관기관 관계자 간담회,3,100000,33333.333333333336,,2025-08,17,user_inherited|seq_corrupt
2025-08-x-9093cb,2025-08-28,19:02:34,행정기획위원장,솔낭구,솔낭구,민원 및 현안 관련 유관단체 관계자 간담회,20,487000,24350,,2025-08,19,user_inherited|seq_corrupt
2025-08-x-136f88,2025-08-28,19:20:15,행정기획위원장,김가네보쌈 명태찜,김가네보쌈명태찜,현안 관련 관계자 간담회,4,72000,18000,,2025-08,19,user_inherited|seq_corrupt
2025-08-x-9d49ec,2025-08-29,13:35:04,행정기획위원장,하루원,하루원,현안 관련 관계자 간담회,9,245000,27222.222222222223,,2025-08,13,user_inherited|seq_corrupt
2025-09-x-74d7ea,2025-09-01,12:48:25,의장,최강낙지,최강낙지,현안업무 추진 사무국 직원 격려 간담회,4,48000,12000,카드,2025-09,12,seq_corrupt
2025-09-2-fc6d3d,2025-09-01,13:44:31,행정기획위원장,중국성,중국성,현안 관련 관계자 간담회,5,70000,14000,카드,2025-09,13,
2025-09-3-c539e0,2025-09-01,18:36:34,의장,풍천만물장어,풍천만물장어,현안 논의에 따른 관계자 간담회 지역민원 및,6,178000,29666.666666666668,카드,2025-09,18,
2025-09-4-907e04,2025-09-02,12:30:32,의장,경성농장,경성농장,유관단체 관계자 간담회 현안 관련,7,84000,12000,카드,2025-09,12,
2025-09-5-404463,2025-09-02,12:36:29,의장,카페 상상,카페상상,현안 관련 관계자 간담회,7,14000,2000,카드,2025-09,12,
2025-09-6-b4b40d,2025-09-02,19:10:05,의장,제일정육식당,제일정육식당,현안 관련 관계자 간담회,6,164000,27333.333333333332,카드,2025-09,19,
2025-09-7-b3c1de,2025-09-02,20:01:23,행정기획위원장,전골마을,전골마을,현안 관련 관계자 간담회 민원 및,8,89000,11125,카드,2025-09,20,
2025-09-8-006821,2025-09-02,20:55:22,복지건설위원장,동강오리,동강오리,현안 관련 유관기관 관계자 간담회,6,216000,36000,카드,2025-09,20,
2025-09-x-2e054e,2025-09-03,18:36:23,행정기획위원장,회기족발,회기족발,현안 관련 유관기관 관계자 간담회 민원 및,,111000,,카드,2025-09,18,seq_corrupt|headcount_invalid
2025-09-9-31d615,2025-09-03,12:26:06,복지건설위원장,청마루 한우,청마루한우,현안업무 추진 사무국 직원 격려 간담회,5,185000,37000,카드,2025-09,12,
2025-09-11-59037f,2025-09-03,19:41:37,의장,최강낙지,최강낙지,관련 관계자 간담회 현안,14,292000,20857.14285714286,카드,2025-09,19,
2025-09-12-fdcf46,2025-09-03,21:20:59,복지건설위원장,장안골,장안골,관계자 간담회 현안 관련,7,268000,38285.71428571428,카드,2025-09,21,
2025-09-13-b070c9,2025-09-04,11:45:20,부의장,(주)태성푸드,(주)태성푸드,관계자 간담회 민원 및 현안 관련,3,44000,14666.666666666666,카드,2025-09,11,
2025-09-14-02c832,2025-09-04,12:56:08,의장,청마루 한우,청마루한우,추진 사무국 직원 격려 간담회 현안업무,4,92000,23000,카드,2025-09,12,
2025-09-15-425f95,2025-09-04,20:48:50,의장,삼거리 정육식당,삼거리정육식당,민원 및 관계자 간담회 현안 관련,8,196000,24500,카드,2025-09,20,
2025-09-16-0e7e6d,2025-09-05,20:37:48,의장,아우내병천순대,아우내병천순대,민원 및 현안 관계자 간담회 관련,12,192000,16000,카드,2025-09,20,
2025-09-17-a1df13,2025-09-08,18:32:44,의장,솔낭구,솔낭구,관계자 간담회 민원 및 현안 관련 유관기관,15,289000,19266.666666666668,카드,2025-09,18,
2025-09-x-a00fa0,2025-09-09,20:09:33,의장,다복,다복,지역민원 및 현안 논의에 따른 관계자 간담회,6,122000,20333.333333333332,,2025-09,20,user_inherited|seq_corrupt
2025-09-18-f0e080,2025-09-09,12:47:06,의장,장어시대,장어시대,민원 및 관련 유관기관 관계자 간담회 현안,6,153000,25500,카드,2025-09,12,
2025-09-x-a0c4f0,2025-09-10,18:34:12,의장,일번지정육식당,일번지정육식당,지역민원 및 현안 논의에 따른 관계자 간담회,8,215000,26875,,2025-09,18,user_inherited|seq_corrupt
2025-09-x-0855b3,2025-09-11,12:24:03,의장,남원,남원,현안업무 추진 사무국 직원 격려 간담회,4,48000,12000,,2025-09,12,user_inherited|seq_corrupt
2025-09-x-921da8,2025-09-11,18:37:22,의장,이수사횟집,이수사횟집,지역민원 및 현안 논의에 따른 관계자 간담회,8,215000,26875,,2025-09,18,user_inherited|seq_corrupt
2025-09-x-27ec38,2025-09-12,17:36:17,의장,대가숯불갈비,대가숯불갈비,현안 관련 관계자 간담회,10,219000,21900,,2025-09,17,user_inherited|seq_corrupt
2025-09-x-c94f59,2025-09-12,21:21:30,의장,아쿠아플러스,아쿠아플러스,민원 및 현안 관련 관계자 간담회,25,400000,16000,,2025-09,21,user_inherited|seq_corrupt
2025-09-x-8e0d4f,2025-09-15,13:21:19,의장,다옴감자탕 양평해장,다옴감자탕양평해장,민원 및 현안 관련 유관기관 관계자 간담회,3,36000,12000,,2025-09,13,user_inherited|seq_corrupt
2025-09-x-61f02e,2025-09-15,18:33:48,의장,골목막창,골목막창,현안 관련 관계자 간담회,15,292000,19466.666666666668,,2025-09,18,user_inherited|seq_corrupt
2025-09-x-d5f8cf,2025-09-15,22:42:42,의장,씨마트2,씨마트2,현안 관련 유관기관 관계자 간담회,6,117000,19500,,2025-09,22,user_inherited|seq_corrupt
2025-09-x-72518e,2025-09-16,12:30:40,의장,다미옥 함흥냉면,다미옥함흥냉면,민원 및 현안 관련 관계자 간담회,15,294000,19600,,2025-09,12,user_inherited|seq_corrupt
2025-09-x-29f1df,2025-09-16,13:23:41,의장,풍천숯불장어세상,풍천숯불장어세상,민원 관련 관계자 간담회,,200000,,,2025-09,13,user_inherited|seq_corrupt|headcount_missing
2025-09-x-adb2b8,2025-09-16,18:28:46,의장,바닷가에서,바닷가에서,현안 관련 유관단체 관계자 간담회,14,286000,20428.571428571428,,2025-09,18,user_inherited|seq_corrupt
2025-09-x-5436bd,2025-09-17,14:08:42,의장,조영환의 대양한방숯,조영환의대양한방숯,현안 관련 유관단체 관계자 간담회,10,310000,31000,,2025-09,14,user_inherited|seq_corrupt
2025-09-x-23716e,2025-09-17,18:52:09,의장,동호일식,동호일식,민원 및 현안 관련 유관기관 관계자 간담회,8,284000,35500,,2025-09,18,user_inherited|seq_corrupt
2025-09-x-61e0fe,2025-09-17,19:02:08,의장,오리명가,오리명가,민원 및 현안 관련 관계자 간담회,,362000,,,2025-09,19,user_inherited|seq_corrupt|headcount_missing
2025-09-x-3933c8,2025-09-17,19:13:12,의장,아쿠아플러스,아쿠아플러스,민원 및 현안 관련 관계자 간담회,16,266000,16625,,2025-09,19,user_inherited|seq_corrupt
2025-09-x-c9107c,2025-09-18,12:31:29,의장,경성농장,경성농장,현안 관련 관계자 간담회,10,132000,13200,,2025-09,12,user_inherited|seq_corrupt
2025-09-x-1baca1,2025-09-18,13:08:21,의장,풍천숯불장어세상,풍천숯불장어세상,현안 관련 관계자 간담회,4,130000,32500,,2025-09,13,user_inherited|seq_corrupt
2025-09-x-b327c3,2025-09-18,20:21:31,의장,등대횟집,등대횟집,민원 및 현안 관련 관계자 간담회,,143000,,,2025-09,20,user_inherited|seq_corrupt|headcount_missing
2025-09-x-729d42,2025-09-19,12:34:00,의장,다래식당,다래식당,현안 관련 유관단체 관계자 간담회,8,110000,13750,,2025-09,12,user_inherited|seq_corrupt
2025-09-x-7c9e09,2025-09-19,13:42:10,의장,조영환의 대양한방숯,조영환의대양한방숯,현안 관련 유관기관 관계자 간담회,4,139000,34750,,2025-09,13,user_inherited|seq_corrupt
2025-09-x-f99abb,2025-09-19,19:44:30,의장,장어시대,장어시대,민원 및 현안 관련 유관기관 관계자 간담회,7,210000,30000,,2025-09,19,user_inherited|seq_corrupt
2025-09-x-036715,2025-09-19,20:14:07,의장,오리명가,오리명가,현안 관련 관계자 간담회,3,65000,21666.666666666668,,2025-09,20,user_inherited|seq_corrupt
2025-09-x-b8bb44,2025-09-22,12:59:01,의장,조영환의 대양한방숯,조영환의대양한방숯,민원 및 현안 관련 유관기관 관계자 간담회,10,230000,23000,,2025-09,12,user_inherited|seq_corrupt
2025-09-x-8bda8d,2025-09-22,13:20:12,의장,용두동동태탕동태찜,용두동동태탕동태찜,민원 및 현안 관련 관계자 간담회,,36000,,,2025-09,13,user_inherited|seq_corrupt|headcount_missing
2025-09-x-946abb,2025-09-22,18:40:32,의장,거물집,거물집,현안 관련 관계자 간담회,8,180000,22500,,2025-09,18,user_inherited|seq_corrupt
2025-09-x-7772b0,2025-09-23,12:34:52,의장,최강낙지,최강낙지,민원 및 현안 관련 관계자 간담회,7,123000,17571.428571428572,,2025-09,12,user_inherited|seq_corrupt
2025-09-x-e6cc4f,2025-09-23,14:25:04,의장,조영환의 대양한방숯,조영환의대양한방숯,민원 및 현안 관련 유관기관 관계자 간담회,9,252000,28000,,2025-09,14,user_inherited|seq_corrupt
2025-09-x-caab5c,2025-09-23,19:32:48,의장,전골마을,전골마을,민원 및 현안 관련 관계자 간담회,17,250000,14705.882352941177,,2025-09,19,user_inherited|seq_corrupt
2025-09-x-d77917,2025-09-23,19:49:02,의장,산골오리,산골오리,민원 및 현안 관련 관계자 간담회,9,125000,13888.888888888889,,2025-09,19,user_inherited|seq_corrupt
2025-09-x-b61eb9,2025-09-24,12:10:35,의장,최강낙지,최강낙지,현안 관련 관계자 간담회,7,104000,14857.142857142857,,2025-09,12,user_inherited|seq_corrupt
2025-09-x-a4b25f,2025-09-24,13:15:31,의장,최강낙지,최강낙지,현안 관련 관계자 간담회,5,94000,18800,,2025-09,13,user_inherited|seq_corrupt
2025-09-x-774673,2025-09-24,13:19:41,의장,(주)유성집,(주)유성집,민원 및 현안 관련 관계자 간담회,,422000,,,2025-09,13,user_inherited|seq_corrupt|headcount_missing
2025-09-x-663628,2025-09-24,16:21:14,의장,여기가게,여기가게,추석명절 사무국 직원격려 물품 구매,6,260000,43333.333333333336,,2025-09,16,user_inherited|seq_corrupt
2025-09-x-db7f57,2025-09-24,18:04:34,의장,최강낙지,최강낙지,민원 및 현안 관련 관계자 간담회,10,284000,28400,,2025-09,18,user_inherited|seq_corrupt
2025-09-x-3c3fb8,2025-09-25,10:14:55,의장,곰소전통젓갈,곰소전통젓갈,추석명절 사무국 직원격려 물품 구매,1,20000,20000,,2025-09,10,user_inherited|seq_corrupt
2025-09-x-275362,2025-09-25,10:28:50,의장,상주연제농원,상주연제농원,추석명절 사무국 직원격려 물품 구매,1,35000,35000,,2025-09,10,user_inherited|seq_corrupt
2025-09-x-7d0521,2025-09-25,10:29:25,의장,상주연제농원,상주연제농원,추석명절 사무국 직원격려 물품 구매,1,10000,10000,,2025-09,10,user_inherited|seq_corrupt
2025-09-x-51862e,2025-09-25,10:39:32,의장,동문엔터프라이즈,동문엔터프라이즈,추석명절 사무국 직원격려 물품 구매,8,320000,40000,,2025-09,10,user_inherited|seq_corrupt
2025-09-x-3f804b,2025-09-25,10:40:50,의장,서산민속생강한과,서산민속생강한과,추석명절 사무국 직원격려 물품 구매,1,12000,12000,,2025-09,10,user_inherited|seq_corrupt
2025-09-x-aa29c7,2025-09-25,13:44:34,의장,천호낙지,천호낙지,민원 및 현안 관련 유관기관 관계자 간담회,6,110000,18333.333333333332,,2025-09,13,user_inherited|seq_corrupt
2025-09-x-baafa5,2025-09-25,18:39:26,의장,조영환의 대양한방숯,조영환의대양한방숯,현안 관련 관계자 간담회,6,200000,33333.333333333336,,2025-09,18,user_inherited|seq_corrupt
2025-09-x-b9f419,2025-09-25,19:23:32,의장,우리돈,우리돈,민원 및 현안 관련 유관단체 관계자 간담회,10,355000,35500,,2025-09,19,user_inherited|seq_corrupt
2025-09-x-70ff41,2025-09-25,21:45:27,의장,주문진,주문진,현안 관련 관계자 간담회,6,200000,33333.333333333336,,2025-09,21,user_inherited|seq_corrupt
2025-09-x-b82d6e,2025-09-26,12:37:18,의장,가치로아,가치로아,민원 및 현안 관련 관계자 간담회,3,43000,14333.333333333334,,2025-09,12,user_inherited|seq_corrupt
2025-09-x-d3b51f,2025-09-26,13:34:46,의장,면목과일,면목과일,추석명절 사무국 직원격려 물품 구매,6,290000,48333.333333333336,,2025-09,13,user_inherited|seq_corrupt
2025-09-x-f0f1e7,2025-09-26,18:58:19,의장,우마루(중화점),우마루(중화점),현안 관련 관계자 간담회,4,112000,28000,,2025-09,18,user_inherited|seq_corrupt
2025-09-x-91b53b,2025-09-26,20:06:17,의장,이프로,이프로,민원 및 현안 관련 관계자 간담회,4,61000,15250,,2025-09,20,user_inherited|seq_corrupt
2025-09-x-f2958c,2025-09-29,12:13:50,의장,(주)태성푸드,(주)태성푸드,의회현안업무 논의에 따른 관계자 간담회,,25000,,,2025-09,12,user_inherited|seq_corrupt|headcount_missing
2025-09-x-6b964b,2025-09-29,12:16:16,의장,산천가든,산천가든,현안업무 추진 사무국 직원 격려 간담회,3,75000,25000,,2025-09,12,user_inherited|seq_corrupt
2025-09-x-b2a113,2025-09-29,13:00:23,의장,나누리 흑염소 전문,나누리흑염소전문,현안업무 추진 사무국 직원 격려 간담회,3,48000,16000,,2025-09,13,user_inherited|seq_corrupt
2025-09-x-5cdcee,2025-09-29,14:56:49,의장,동문엔터프라이즈,동문엔터프라이즈,추석명절 사무국 직원격려 물품 구매,7,280000,40000,,2025-09,14,user_inherited|seq_corrupt
2025-09-x-47cc10,2025-09-29,19:59:11,의장,삼순이시골감자탕,삼순이시골감자탕,현안 관련 관계자 간담회,,342000,,,2025-09,19,user_inherited|seq_corrupt|headcount_missing
2025-09-x-87cdfe,2025-09-29,20:58:11,의장,본스치킨 휘경점,본스치킨휘경점,민원 및 현안 관련 관계자 간담회,20,336000,16800,,2025-09,20,user_inherited|seq_corrupt
2025-09-x-0cbfba,2025-09-30,13:09:54,의장,갈비명가이상답십리,갈비명가이상답십리,현안 관련 관계자 간담회,13,400000,30769.23076923077,,2025-09,13,user_inherited|seq_corrupt
2025-09-x-e8349a,2025-09-30,13:21:06,의장,상무초밥 왕십리점,상무초밥왕십리점,민원 및 현안 관련 유관기관 관계자 간담회,3,45700,15233.333333333334,,2025-09,13,user_inherited|seq_corrupt
2025-09-x-8ebbdf,2025-09-30,13:59:17,의장,여기가게,여기가게,추석명절 사무국 직원격려 물품 구매,6,240000,40000,,2025-09,13,user_inherited|seq_corrupt
2025-09-x-4960d3,2025-09-30,20:29:34,의장,달콤제빵소,달콤제빵소,현안 관련 관계자 간담회,6,76200,12700,,2025-09,20,user_inherited|seq_corrupt
2025-10-x-8f5085,2025-10-01,13:34:06,복지건설위원장,광주식당,광주식당,관련 관계자 간담회 현안,6,215000,35833.333333333336,카드,2025-10,13,seq_corrupt
2025-10-2-1fe2a0,2025-10-01,18:12:45,행정기획위원장,이층냉삼집,이층냉삼집,현안 관련 관계자 간담회,7,149300,21328.571428571428,카드,2025-10,18,
2025-10-3-242539,2025-10-01,18:50:05,의장,정정당당,정정당당,민원 및 현안 관련 유관기관 관계자 간담회,8,292000,36500,카드,2025-10,18,
2025-10-4-d95e21,2025-10-01,20:00:34,복지건설위원장,동강오리,동강오리,현안 관련 유관기관 관계자 간담회,4,136000,34000,카드,2025-10,20,
2025-10-5-3f982c,2025-10-01,20:07:55,부의장,풍천숯불장어세상,풍천숯불장어세상,의회현안업무 논의에 따른 관계자 간담회,4,156000,39000,카드,2025-10,20,
2025-10-6-e4e640,2025-10-02,20:09:47,의장,미스사이공 장안점,미스사이공장안점,현안 관련 유관단체 관계자 간담회,7,105000,15000,카드,2025-10,20,
2025-10-7-bcd301,2025-10-02,20:10:31,의장,미스사이공 장안점,미스사이공장안점,유관단체 관계자 간담회 현안 관련,1,20000,20000,카드,2025-10,20,
2025-10-8-5bdbd7,2025-10-10,20:23:12,복지건설위원장,동강오리,동강오리,현안 관련 유관기관 관계자 간담회,7,225000,32142.85714285714,카드,2025-10,20,
2025-10-9-fd97f1,2025-10-13,11:58:58,의장,나누리 흑염소 전문,나누리흑염소전문,추진 사무국 직원 격려 간담회 현안업무,5,80000,16000,카드,2025-10,11,
2025-10-10-9b31bb,2025-10-13,13:51:16,부의장,서리재(미아점),서리재(미아점),지역현안 관련 유관기관 관계자 간담회,2,74000,37000,카드,2025-10,13,
2025-10-11-f7b78f,2025-10-13,19:04:23,의장,짬뽕명가,짬뽕명가,현안 관련 관계자 간담회,22,291000,13227.272727272728,카드,2025-10,19,
2025-10-12-6e7ebe,2025-10-13,20:38:51,행정기획위원장,직화대장,직화대장,민원 현안 관련 관계자 간담회 및,4,91000,22750,카드,2025-10,20,
2025-10-13-2b3482,2025-10-14,12:09:07,복지건설위원장,원성집,원성집,현안 관련 관계자 간담회,5,120000,24000,카드,2025-10,12,
2025-10-14-d41152,2025-10-14,12:46:35,부의장,마루샤브 용두직영점,마루샤브용두직영점,관련 관계자 간담회 현안,4,148800,37200,카드,2025-10,12,
2025-10-15-9595e7,2025-10-14,14:35:18,부의장,공차 외대,공차외대,현안 관련 유관기관 관계자 간담회,10,50700,5070,카드,2025-10,14,
2025-10-16-f7b853,2025-10-14,20:50:08,복지건설위원장,엄지집밥,엄지집밥,의회현안업무 논의에 따른 관계자 간담회,3,90000,30000,카드,2025-10,20,
2025-10-17-65e962,2025-10-14,21:53:05,행정기획위원장,가마치통닭 장안휘경,가마치통닭장안휘경,및 민원 현안 관련 관계자 간담회,4,62000,15500,카드,2025-10,21,
2025-10-18-78c812,2025-10-15,19:50:41,의장,짬뽕관(장한평역점),짬뽕관(장한평역점),민원 및 관련 유관단체 관계자 간담회 현안,2,14000,7000,카드,2025-10,19,
2025-10-x-687426,2025-10-17,18:35:41,의장,민속마을,민속마을,의회현안업무 논의에 따른 관계자 간담회,3,68000,22666.666666666668,,2025-10,18,user_inherited|seq_corrupt
2025-10-x-528389,2025-10-17,21:36:22,의장,솔낭구,솔낭구,의회현안업무 논의에 따른 관계자 간담회,8,192000,24000,,2025-10,21,user_inherited|seq_corrupt
2025-10-x-981b0b,2025-10-20,10:40:15,의장,다래식당,다래식당,현안 관련 관계자 간담회,10,156000,15600,,2025-10,10,user_inherited|seq_corrupt
2025-10-x-066e92,2025-10-20,13:08:01,의장,카페 이티씨.,카페이티씨.,의회현안업무 논의에 따른 관계자 간담회,8,39500,4937.5,,2025-10,13,user_inherited|seq_corrupt
2025-10-x-2d9a16,2025-10-20,19:13:01,의장,최강낙지,최강낙지,민원 및 현안 관련 유관기관 관계자 간담회,15,393000,26200,,2025-10,19,user_inherited|seq_corrupt
2025-10-x-c31d75,2025-10-21,12:48:31,의장,카페 이티씨.,카페이티씨.,현안 관련 관계자 간담회,5,21500,4300,,2025-10,12,user_inherited|seq_corrupt
2025-10-x-a2cfd3,2025-10-21,12:53:29,의장,장수식당,장수식당,민원 및 현안 관련 유관단체 관계자 간담회,4,60000,15000,,2025-10,12,user_inherited|seq_corrupt
2025-10-x-ed3c48,2025-10-21,19:18:38,의장,용두똥돼지,용두똥돼지,현안 관련 관계자 간담회,8,170000,21250,,2025-10,19,user_inherited|seq_corrupt
2025-10-x-0c704b,2025-10-21,20:30:54,의장,주문진,주문진,의회현안업무 논의에 따른 관계자 간담회,17,308000,18117.647058823528,,2025-10,20,user_inherited|seq_corrupt
2025-10-x-4c9e80,2025-10-22,20:53:41,의장,사조회참치장한평점,사조회참치장한평점,민원 및 현안 관련 유관단체 관계자 간담회,7,189000,27000,,2025-10,20,user_inherited|seq_corrupt
2025-10-x-ddb9c0,2025-10-23,12:49:22,의장,부산횟집,부산횟집,민원 및 현안 관련 관계자 간담회,,181000,,,2025-10,12,user_inherited|seq_corrupt|headcount_missing
2025-10-x-464ad7,2025-10-23,14:21:39,의장,만나네 마라탕,만나네마라탕,민원 및 현안 관련 관계자 간담회,3,32900,10966.666666666666,,2025-10,14,user_inherited|seq_corrupt
2025-10-x-9d820c,2025-10-23,19:34:42,의장,오리명가,오리명가,현안업무 추진 사무국 직원 격려 간담회,4,147000,36750,,2025-10,19,user_inherited|seq_corrupt
2025-10-x-bb14ff,2025-10-24,10:08:53,의장,스타벅스코리아(외대점),스타벅스코리아(외대점),현안 관련 유관기관 관계자 간담회,9,47100,5233.333333333333,,2025-10,10,user_inherited|seq_corrupt
2025-10-x-070b85,2025-10-24,12:22:28,의장,최강낙지,최강낙지,현안업무 추진 사무국 직원 격려 간담회,,186000,,,2025-10,12,user_inherited|seq_corrupt|headcount_missing
2025-10-x-d667c2,2025-10-24,18:17:11,의장,청마루 한우,청마루한우,현안 관련 유관단체 관계자 간담회,14,310000,22142.85714285714,,2025-10,18,user_inherited|seq_corrupt
2025-10-x-bcf462,2025-10-24,21:33:26,의장,씨마트,씨마트,현안 관련 관계자 간담회,7,173000,24714.285714285714,,2025-10,21,user_inherited|seq_corrupt
2025-10-x-432363,2025-10-27,11:18:56,의장,동강오리,동강오리,현안 관련 유관기관 관계자 간담회,8,215000,26875,,2025-10,11,user_inherited|seq_corrupt
2025-10-x-73373a,2025-10-27,12:54:57,의장,광주회관,광주회관,지역민원 및 현안 관련 관계자 간담회,,273000,,,2025-10,12,user_inherited|seq_corrupt|headcount_missing
2025-10-x-cada70,2025-10-28,12:40:19,의장,조영환의 대양한방숯,조영환의대양한방숯,민원 및 현안 관련 유관단체 관계자 간담회,10,280000,28000,,2025-10,12,user_inherited|seq_corrupt
2025-10-x-fcb965,2025-10-29,13:12:03,의장,광주식당,광주식당,민원 및 현안 관련 유관기관 관계자 간담회,4,145000,36250,,2025-10,13,user_inherited|seq_corrupt
2025-10-x-99688c,2025-10-29,13:14:30,의장,커피베이 청량리점,커피베이청량리점,현안 관련 관계자 간담회,3,9600,3200,,2025-10,13,user_inherited|seq_corrupt
2025-10-x-ebc269,2025-10-29,21:04:49,의장,장어시대,장어시대,현안 관련 관계자 간담회,2,84000,42000,,2025-10,21,user_inherited|seq_corrupt
2025-10-x-3d5e8a,2025-10-29,21:09:53,의장,커피니여의도순복음,커피니여의도순복음,현안 관련 관계자 간담회,2,8600,4300,,2025-10,21,user_inherited|seq_corrupt
2025-10-x-982449,2025-10-30,19:13:25,의장,우돈마루,우돈마루,민원 및 현안 관련 관계자 간담회,,53000,,,2025-10,19,user_inherited|seq_corrupt|headcount_missing
2025-10-x-aedc1e,2025-10-30,21:04:11,의장,주문진,주문진,민원 및 현안 관련 관계자 간담회,17,450000,26470.58823529412,,2025-10,21,user_inherited|seq_corrupt
2025-10-x-66833d,2025-10-31,12:56:53,의장,최강낙지,최강낙지,현안업무 추진 사무국 직원 격려 간담회,4,61000,15250,,2025-10,12,user_inherited|seq_corrupt
2025-10-x-9dd2b9,2025-10-31,19:09:08,의장,나누리 흑염소 전문,나누리흑염소전문,현안업무 추진 사무국 직원 격려 간담회,6,96000,16000,,2025-10,19,user_inherited|seq_corrupt
2025-10-x-f013fa,2025-10-31,20:23:23,의장,페리카나 외대점,페리카나외대점,현안 관련 유관기관 관계자 간담회,4,69000,17250,,2025-10,20,user_inherited|seq_corrupt
2025-10-x-3fdea7,2025-10-31,20:35:45,의장,이문동그집 회기역직,이문동그집회기역직,의회현안업무 논의에 따른 관계자 간담회,6,107000,17833.333333333332,,2025-10,20,user_inherited|seq_corrupt
2025-10-x-8b9f6e,2025-10-31,21:55:29,의장,버드나무,버드나무,현안 관련 관계자 간담회,4,54000,13500,,2025-10,21,user_inherited|seq_corrupt
2025-11-1-f6c62e,2025-11-03,12:00:13,의장,청마루 한우,청마루한우,민원 및 현안 관련 유관단체 관계자 간담회,8,184000,23000,카드,2025-11,12,
2025-11-2-6be1a9,2025-11-03,12:42:31,행정기획위원장,제주은희네해장국,제주은희네해장국,민원 및 현안 관련 관계자 간담회,8,107000,13375,카드,2025-11,12,
2025-11-3-795232,2025-11-03,15:56:31,부의장,기와집 정육식당,기와집정육식당,지역민원 및 현안 관련 관계자 간담회,7,145000,20714.285714285714,카드,2025-11,15,
2025-11-4-e33753,2025-11-03,15:56:35,부의장,고센 기와집갈비25,고센기와집갈비25,지역민원 및 현안 관련 관계자 간담회,1,22000,22000,카드,2025-11,15,
2025-11-5-802d5e,2025-11-04,12:55:18,복지건설위원장,흥부골숯불돼지갈비,흥부골숯불돼지갈비,현안업무 추진 사무국 직원 격려 간담회,3,94000,31333.333333333332,카드,2025-11,12,
2025-11-6-b7c44e,2025-11-04,13:20:34,의장,나누리 흑염소 전문,나누리흑염소전문,현안업무 추진 사무국 직원 격려 간담회,5,48500,9700,카드,2025-11,13,
2025-11-7-fe4815,2025-11-04,13:24:13,부의장,토담마을,토담마을,지역민원 및 현안 관련 관계자 간담회,10,262000,26200,카드,2025-11,13,
2025-11-8-2664bc,2025-11-05,17:07:58,복지건설위원장,오리명가,오리명가,현안업무 추진 사무국 직원 격려 간담회,8,275000,34375,카드,2025-11,17,
2025-11-9-b94035,2025-11-05,18:59:23,의장,동호일식,동호일식,민원 및 현안 관련 유관단체 관계자 간담회,9,291000,32333.333333333332,카드,2025-11,18,
2025-11-10-4e5422,2025-11-05,19:44:14,행정기획위원장,구알쏭달쏭맛집,구알쏭달쏭맛집,현안 관련 관계자 간담회,14,201000,14357.142857142857,카드,2025-11,19,
2025-11-11-19f671,2025-11-06,18:29:46,의장,제일정육식당,제일정육식당,현안 관련 관계자 간담회,7,174000,24857.14285714286,카드,2025-11,18,
2025-11-12-818f41,2025-11-06,19:29:40,부의장,다미옥함흥냉면,다미옥함흥냉면,의회현안업무 논의에 따른 관계자 간담회,14,331000,23642.85714285714,카드,2025-11,19,
2025-11-13-d14673,2025-11-10,12:04:50,행정기획위원장,산천가든,산천가든,민원 및 현안 관련 유관기관 관계자 간담회,9,135000,15000,카드,2025-11,12,
2025-11-14-dffa24,2025-11-10,12:14:01,복지건설위원장,민속마을,민속마을,현안업무 추진 사무국 직원 격려 간담회,4,124000,31000,카드,2025-11,12,
2025-11-15-3e65f7,2025-11-10,13:49:57,의장,북배산흑염소요리,북배산흑염소요리,현안업무 추진 사무국 직원 격려 간담회,3,80000,26666.666666666668,카드,2025-11,13,
2025-11-16-df52a8,2025-11-10,18:01:03,의장,한방양꼬치 앤 마라,한방양꼬치앤마라,현안 관련 관계자 간담회,15,386000,25733.333333333332,카드,2025-11,18,
2025-11-17-f22978,2025-11-11,12:07:30,복지건설위원장,카페 이티씨.,카페이티씨.,민원 및 현안 관련 관계자 간담회,5,23500,4700,카드,2025-11,12,
2025-11-18-4b5061,2025-11-11,18:08:24,의장,최강낙지,최강낙지,민원 및 현안 관련 관계자 간담회,9,151000,16777.777777777777,카드,2025-11,18,
2025-11-19-ac1d33,2025-11-11,19:57:09,행정기획위원장,주문진,주문진,현안 관련 관계자 간담회,16,340000,21250,카드,2025-11,19,
2025-11-20-2da444,2025-11-11,19:58:26,부의장,란이네먹거리,란이네먹거리,현안 관련 유관기관 관계자 간담회,19,260000,13684.21052631579,카드,2025-11,19,
2025-11-21-a3478b,2025-11-12,12:39:49,의장,나누리 흑염소 전문,나누리흑염소전문,현안 관련 관계자 간담회,7,115000,16428.571428571428,카드,2025-11,12,
2025-11-22-01205d,2025-11-12,19:29:56,복지건설위원장,(주)늘봄처럼,(주)늘봄처럼,민원 및 현안 관련 유관기관 관계자 간담회,10,370000,37000,카드,2025-11,19,
2025-11-23-9a8d58,2025-11-13,12:31:11,의장,장안설렁탕,장안설렁탕,현안업무 추진 사무국 직원 격려 간담회,2,28000,14000,카드,2025-11,12,
2025-11-24-8483f1,2025-11-13,12:32:33,의장,언더그라운드 커피웍,언더그라운드커피웍,지역민원 및 현안 논의에 따른 관계자 간담회,3,8000,2666.6666666666665,카드,2025-11,12,
2025-11-25-15196e,2025-11-13,12:37:36,부의장,포천냉면,포천냉면,민원 및 현안 관련 관계자 간담회,3,36000,12000,카드,2025-11,12,
2025-11-26-8814eb,2025-11-13,19:09:26,부의장,미성,미성,민원 및 현안 관련 관계자 간담회,18,339000,18833.333333333332,카드,2025-11,19,
2025-11-27-09954f,2025-11-13,21:13:11,부의장,허뚱돼지나라,허뚱돼지나라,민원 및 현안 관련 유관기관 관계자 간담회,8,172000,21500,카드,2025-11,21,
2025-11-28-830bcd,2025-11-14,12:32:02,복지건설위원장,마포갈비,마포갈비,현안 관련 유관단체 관계자 간담회,7,244000,34857.142857142855,카드,2025-11,12,
2025-11-29-f7aebf,2025-11-14,13:11:46,행정기획위원장,부산횟집,부산횟집,민원 및 현안 관련 관계자 간담회,8,256000,32000,카드,2025-11,13,
2025-11-30-0b09a5,2025-11-14,19:34:03,의장,종로청진동해장국,종로청진동해장국,민원 및 현안 관련 유관단체 관계자 간담회,12,145000,12083.333333333334,카드,2025-11,19,
2025-11-31-02dd87,2025-11-14,20:11:10,복지건설위원장,동강오리,동강오리,현안 관련 관계자 간담회,5,168000,33600,카드,2025-11,20,
2025-11-32-cdc200,2025-11-17,13:06:07,부의장,샹그라,샹그라,현안 관련 관계자 간담회,15,348000,23200,카드,2025-11,13,
2025-11-33-e62608,2025-11-17,20:17:26,의장,수진궁한식부페,수진궁한식부페,현안 관련 관계자 간담회,8,140000,17500,카드,2025-11,20,
2025-11-34-03733c,2025-11-18,12:20:02,복지건설위원장,경북칼국수,경북칼국수,민원 및 현안 관련 유관기 관계자 간담회,4,51000,12750,카드,2025-11,12,
2025-11-35-2a627c,2025-11-18,12:32:36,행정기획위원장,전골마을,전골마을,민원 및 현안 관련 유관기관 관계자 간담회,2,30000,15000,카드,2025-11,12,
2025-11-36-591c8a,2025-11-18,15:11:17,의장,바나프레소 동대문구,바나프레소동대문구,민원 및 현안 관련 관계자 간담회,4,7200,1800,카드,2025-11,15,
2025-11-37-ba838d,2025-11-18,15:15:21,의장,남원,남원,민원 및 현안 관련 관계자 간담회,8,121000,15125,카드,2025-11,15,
2025-11-38-cc476d,2025-11-18,20:23:11,의장,장어시대,장어시대,민원 및 현안 관련 유관단체 관계자 간담회,10,303000,30300,카드,2025-11,20,
2025-11-39-cbbb44,2025-11-19,12:07:50,행정기획위원장,깡통집,깡통집,현안 관련 관계자 간담회,12,200000,16666.666666666668,카드,2025-11,12,
2025-11-40-6fcaa1,2025-11-19,19:56:01,복지건설위원장,북경영빈관,북경영빈관,현안 관련 유관기관 관계자 간담회,5,174000,34800,카드,2025-11,19,
2025-11-41-08bcad,2025-11-20,18:06:29,의장,전시회제기본점,전시회제기본점,민원 및 현안 관련 유관단체 관계자 간담회,12,296000,24666.666666666668,카드,2025-11,18,
2025-11-42-535a16,2025-11-21,13:18:57,부의장,부산횟집,부산횟집,의회현안업무 논의에 따른 관계자 간담회,2,70000,35000,카드,2025-11,13,
2025-11-43-f13d95,2025-11-24,12:17:28,복지건설위원장,원성집,원성집,민원 및 현안 관련 유관기관 관계자 간담회,3,75000,25000,카드,2025-11,12,
2025-11-44-e917fb,2025-11-24,13:01:34,행정기획위원장,스마일 Smile,스마일Smile,현안 관련 관계자 간담회,5,55000,11000,카드,2025-11,13,
2025-11-45-492845,2025-11-24,13:24:46,의장,태화루앤도화,태화루앤도화,현안업무 추진 사무국 직원 격려 간담회,4,48000,12000,카드,2025-11,13,
2025-11-46-0df9be,2025-11-24,13:29:25,의장,카페비,카페비,현안업무 추진 사무국 직원 격려 간담회,4,15000,3750,카드,2025-11,13,
2025-11-47-27fc24,2025-11-24,18:53:14,의장,풍년해물탕,풍년해물탕,현안 관련 관계자 간담회,12,264000,22000,카드,2025-11,18,
2025-11-48-59d986,2025-11-24,20:23:30,복지건설위원장,동강오리,동강오리,현안 관련 관계자 간담회,4,124000,31000,카드,2025-11,20,
2025-11-49-8e4027,2025-11-25,19:04:41,의장,본가남원추어탕,본가남원추어탕,현안 관련 관계자 간담회,12,169000,14083.333333333334,카드,2025-11,19,
2025-11-50-35ddd6,2025-11-26,19:18:42,의장,김시우초밥,김시우초밥,민원 및 현안 관련 유관단체 관계자 간담회,10,161000,16100,카드,2025-11,19,
2025-11-51-00dc08,2025-11-27,18:33:30,의장,주문진,주문진,민원 및 현안 관련 유관단체 관계자 간담회,13,290000,22307.69230769231,카드,2025-11,18,
2025-11-52-e72906,2025-11-28,13:03:56,의장,청마루 한우,청마루한우,지역민원 및 현안 논의에 따른 관계자 간담회,8,198000,24750,카드,2025-11,13,
2025-11-53-f114e6,2025-11-28,19:30:42,의장,아우내병천순대,아우내병천순대,현안 관련 관계자 간담회,18,272000,15111.111111111111,카드,2025-11,19,
2025-12-1-ab55c5,2025-12-01,18:42:11,의장,다돈왕족발,다돈왕족발,민원 및 현안 관련 유관단체 관계자 간담회,16,281000,17562.5,카드,2025-12,18,
2025-12-2-8be85c,2025-12-02,13:09:15,의장,경성농장,경성농장,민원 및 현안 관련 유관단체 관계자 간담회,23,310000,13478.260869565218,카드,2025-12,13,
2025-12-3-e7acb8,2025-12-02,18:24:11,의장,짬뽕관(장한평역점),짬뽕관(장한평역점),현안업무 추진 사무국 직원 격려 간담회,2,25000,12500,카드,2025-12,18,
2025-12-4-3189de,2025-12-02,18:44:46,부의장,김연례 대원한방능이,김연례대원한방능이,현안 관련 관계자 간담회,12,289000,24083.333333333332,카드,2025-12,18,
2025-12-5-8f0fd0,2025-12-03,18:32:37,의장,다이닝원 청량리점,다이닝원청량리점,현안 관련 관계자 간담회,8,255200,31900,카드,2025-12,18,
2025-12-6-e6cf60,2025-12-03,19:10:32,부의장,(주)유성집,(주)유성집,의회현안업무 논의에 따른 관계자 간담회,3,102000,34000,카드,2025-12,19,
2025-12-7-def9b1,2025-12-04,19:20:23,의장,박만배아리랑보쌈 장안점,박만배아리랑보쌈장안점,현안 관련 관계자 간담회,3,99000,33000,카드,2025-12,19,
2025-12-8-aa12e0,2025-12-05,19:24:29,의장,북배산흑염소요리,북배산흑염소요리,민원 및 현안 관련 관계자 간담회,7,210000,30000,카드,2025-12,19,
2025-12-9-7016da,2025-12-08,19:24:05,의장,소문난집,소문난집,현안 관련 관계자 간담회,23,285000,12391.304347826086,카드,2025-12,19,
2025-12-10-095acd,2025-12-08,20:45:58,부의장,수제왕갈비,수제왕갈비,민원 및 현안 관련 관계자 간담회,13,304000,23384.615384615383,카드,2025-12,20,
2025-12-11-8c6869,2025-12-09,12:24:55,의장,네남자,네남자,현안 관련 관계자 간담회,18,186500,10361.111111111111,카드,2025-12,12,
2025-12-12-d2aa20,2025-12-09,18:58:42,의장,조영환의 대양한방숯,조영환의대양한방숯,민원 및 현안 관련 유관단체 관계자 간담회,15,357000,23800,카드,2025-12,18,
2025-12-13-2acbaf,2025-12-11,18:39:07,의장,장어시대,장어시대,현안 관련 관계자 간담회,7,258000,36857.142857142855,카드,2025-12,18,
2025-12-14-46e63d,2025-12-12,12:04:01,의장,(주)태성푸드,(주)태성푸드,민원 및 현안 관련 유관단체 관계자 간담회,15,263000,17533.333333333332,카드,2025-12,12,
2025-12-15-04528e,2025-12-12,21:22:15,의장,풍천만물장어,풍천만물장어,민원 및 현안 관련 관계자 간담회,3,97900,32633.333333333332,카드,2025-12,21,
2025-12-16-099aef,2025-12-15,11:48:36,부의장,광주회관,광주회관,현안 관련 유관기관 관계자 간담회,6,100000,16666.666666666668,카드,2025-12,11,
2025-12-17-14acf5,2025-12-15,18:46:27,의장,이천농장,이천농장,현안 관련 관계자 간담회,12,286000,23833.333333333332,카드,2025-12,18,
2025-12-18-9ad86a,2025-12-16,13:07:58,의장,최강낙지,최강낙지,현안 관련 관계자 간담회,7,127000,18142.85714285714,카드,2025-12,13,
2025-12-19-a7bf5c,2025-12-16,19:07:45,의장,용두똥돼지,용두똥돼지,현안 관련 관계자 간담회,7,160000,22857.14285714286,카드,2025-12,19,
2025-12-20-53dc7b,2025-12-16,21:57:46,부의장,씨마트,씨마트,민원 및 현안 관련 관계자 간담회,4,128000,32000,카드,2025-12,21,
2025-12-21-06119f,2025-12-17,11:50:23,부의장,용두동동태탕동태찜,용두동동태탕동태찜,의회현안업무 논의에 따른 관계자 간담회,3,27000,9000,카드,2025-12,11,
2025-12-22-e28c6c,2025-12-17,12:38:44,부의장,남원,남원,현안 관련 유관기관 관계자 간담회,10,111000,11100,카드,2025-12,12,
2025-12-23-9811d5,2025-12-18,13:53:01,복지건설위원장,엄지집밥,엄지집밥,현안 관련 관계자 간담회,15,370000,24666.666666666668,카드,2025-12,13,
2025-12-24-92110f,2025-12-18,19:38:59,의장,장어시대,장어시대,현안 관련 관계자 간담회,7,236000,33714.28571428572,카드,2025-12,19,
2025-12-25-b4e7d6,2025-12-19,11:42:40,부의장,광주회관,광주회관,지역현안 관련 유관기관 관계자 간담회,9,160000,17777.777777777777,카드,2025-12,11,
2025-12-26-b0f69f,2025-12-19,13:26:42,의장,네남자,네남자,민원 및 현안 관련 관계자 간담회,6,126000,21000,카드,2025-12,13,
2025-12-27-7fff2a,2025-12-19,15:49:21,복지건설위원장,우돈마루,우돈마루,민원 및 현안 관련 관계자 간담회,12,253000,21083.333333333332,카드,2025-12,15,
2025-12-28-f199a1,2025-12-19,19:24:05,의장,원성집,원성집,현안업무 추진 사무국 직원 격려 간담회,5,60000,12000,카드,2025-12,19,
2025-12-29-824707,2025-12-22,13:57:25,복지건설위원장,동강오리,동강오리,현안 관련 관계자 간담회,5,168000,33600,카드,2025-12,13,
2025-12-30-224d74,2025-12-23,11:18:16,복지건설위원장,동강오리,동강오리,현안 관련 유관기관 관계자 간담회,9,285000,31666.666666666668,카드,2025-12,11,
2025-12-31-274be5,2025-12-23,13:08:29,행정기획위원장,갈비명가이상답십리,갈비명가이상답십리,민원 및 현안 관련 유관단체 관계자 간담회,15,480000,32000,카드,2025-12,13,
2025-12-32-d60b9c,2025-12-23,13:40:06,부의장,오뚝식당,오뚝식당,지역현안 관련 유관기관 관계자 간담회,19,250000,13157.894736842105,카드,2025-12,13,
2025-12-33-f3c593,2025-12-23,18:04:50,의장,박가네 고깃관,박가네고깃관,민원 및 현안 관련 유관단체 관계자 간담회,15,284000,18933.333333333332,카드,2025-12,18,
2025-12-34-c4b60e,2025-12-24,12:20:17,복지건설위원장,고기여행,고기여행,현안업무 추진 사무국 직원 격려 간담회,11,167000,15181.818181818182,카드,2025-12,12,
2025-12-35-cfe730,2025-12-24,12:28:06,복지건설위원장,카페 상상,카페상상,현안 관련 관계자 간담회,6,19600,3266.6666666666665,카드,2025-12,12,
2025-12-36-0b2585,2025-12-24,12:28:27,행정기획위원장,경북칼국수,경북칼국수,현안 관련 관계자 간담회,3,41000,13666.666666666666,카드,2025-12,12,
2025-12-37-62c940,2025-12-24,19:30:56,행정기획위원장,가마치통닭 장안휘경,가마치통닭장안휘경,현안 관련 관계자 간담회,22,275500,12522.727272727272,카드,2025-12,19,
2025-12-38-f93d5c,2025-12-24,20:35:47,의장,더벤티 장한평역점,더벤티장한평역점,민원 및 현안 관련 관계자 간담회,5,13500,2700,카드,2025-12,20,
2025-12-39-6f2a66,2025-12-24,21:38:15,의장,일번지푸드(주),일번지푸드(주),현안 관련 관계자 간담회,9,190000,21111.11111111111,카드,2025-12,21,
2025-12-40-f70353,2025-12-26,15:51:08,부의장,역전숯불바베큐,역전숯불바베큐,현안 관련 관계자 간담회,,120000,,카드,2025-12,15,headcount_missing
2025-12-41-71ef55,2025-12-26,15:53:00,부의장,역전숯불바베큐,역전숯불바베큐,,6,1000,166.66666666666666,카드,2025-12,15,purpose_corrupt
2025-12-42-5ac295,2025-12-26,17:12:56,부의장,솔낭구,솔낭구,현안 관련 유관기관 관계자 간담회,15,358000,23866.666666666668,카드,2025-12,17,
2025-12-43-407ca5,2025-12-26,19:39:01,행정기획위원장,대왕도숯불갈비,대왕도숯불갈비,현안 관련 관계자 간담회,10,202000,20200,카드,2025-12,19,
2026-01-1-d185a3,2026-01-02,11:35:16,의장,나누리 흑염소 전문,나누리흑염소전문,민원 및 현안 관련 유관단체 관계자 간담회,5,118200,23640,카드,2026-01,11,
2026-01-2-7b4345,2026-01-02,12:38:07,복지건설위원장,동강오리,동강오리,민원 및 현안 관련 유관기관 관계자 간담회,2,35000,17500,카드,2026-01,12,
2026-01-3-6b10d1,2026-01-02,19:13:38,복지건설위원장,흥부골숯불돼지갈비,흥부골숯불돼지갈비,민원 및 현안 관련 유관기관 관계자 간담회,5,158000,31600,카드,2026-01,19,
2026-01-4-70a3ba,2026-01-05,13:02:22,의장,북배산흑염소요리,북배산흑염소요리,민원 및 현안 관련 유관단체 관계자 간담회,4,125000,31250,카드,2026-01,13,
2026-01-5-131910,2026-01-05,18:30:26,의장,솔낭구,솔낭구,민원 및 현안 관련 관계자 간담회,9,282000,31333.333333333332,카드,2026-01,18,
2026-01-6-de3ee8,2026-01-05,13:28:57,운영위원장,용두동쭈꾸미,용두동쭈꾸미,민원 및 현안 관련 유관단체 관계자 간담회,4,90000,22500,카드,2026-01,13,
2026-01-7-3a6f1f,2026-01-06,12:36:45,의장,최강낙지,최강낙지,현안 관련 관계자 간담회,6,151000,25166.666666666668,카드,2026-01,12,
2026-01-8-5df89b,2026-01-06,19:23:00,의장,유미찌개마당,유미찌개마당,현안 관련 관계자 간담회,11,150000,13636.363636363636,카드,2026-01,19,
2026-01-9-3935fd,2026-01-06,13:37:35,부의장,1(2) 한가로이,1(2)한가로이,의회현안업무 논의에 따른 관계자 간담회,2,28500,14250,카드,2026-01,13,
2026-01-10-c5f2ba,2026-01-06,22:12:09,부의장,씨마트,씨마트,현안 관련 유관기관 관계자 간담회,4,112000,28000,카드,2026-01,22,
2026-01-11-4583f9,2026-01-06,19:30:28,운영위원장,우리돈,우리돈,현안 관련 관계자 간담회,8,370000,46250,카드,2026-01,19,
2026-01-12-91cd72,2026-01-06,12:18:35,복지건설위원장,할머니홍어집,할머니홍어집,현안 관련 관계자 간담회,6,190000,31666.666666666668,카드,2026-01,12,
2026-01-13-5ca6f1,2026-01-07,18:13:48,의장,동호일식,동호일식,민원 및 현안 관련 관계자 간담회,7,286000,40857.142857142855,카드,2026-01,18,
2026-01-14-05718b,2026-01-07,20:10:26,운영위원장,이대헌 스시,이대헌스시,민원 및 현안 관련 유관단체 관계자 간담회,7,311000,44428.57142857143,카드,2026-01,20,
2026-01-15-773b6e,2026-01-07,19:37:09,복지건설위원장,동강오리,동강오리,지역 현안 관련 유관기관 관계자 간담회,3,100000,33333.333333333336,카드,2026-01,19,
2026-01-16-5a769f,2026-01-08,19:58:11,의장,제일유통,제일유통,현안 관련 관계자 간담회,5,140000,28000,카드,2026-01,19,
2026-01-17-b8f623,2026-01-09,13:33:17,부의장,용두동복집,용두동복집,현안 관련 관계자 간담회,5,219000,43800,카드,2026-01,13,
2026-01-18-a4f368,2026-01-09,21:53:04,운영위원장,용두포구,용두포구,현안 관련 관계자 간담회,3,138000,46000,카드,2026-01,21,
2026-01-19-9a6d7b,2026-01-09,19:45:09,복지건설위원장,오리명가,오리명가,현안 관련 관계자 간담회,8,240000,30000,카드,2026-01,19,
2026-01-20-985f23,2026-01-12,12:08:30,의장,나누리 흑염소 전문,나누리흑염소전문,현안업무 추진 사무국 직원 격려 간담회,4,69400,17350,카드,2026-01,12,
2026-01-21-c4a15a,2026-01-12,19:04:45,의장,경성농장,경성농장,민원 및 현안 관련 유관단체 관계자 간담회,14,294000,21000,카드,2026-01,19,
2026-01-22-3965f4,2026-01-12,12:36:30,운영위원장,더테이블,더테이블,현안 관련 관계자 간담회,7,277500,39642.857142857145,카드,2026-01,12,
2026-01-23-5b09e1,2026-01-13,19:12:15,의장,조영환의 대양한방숯,조영환의대양한방숯,현안 관련 관계자 간담회,18,302000,16777.777777777777,카드,2026-01,19,
2026-01-24-3fa898,2026-01-13,22:50:05,부의장,또바기치킨,또바기치킨,민원 및 현안 관련 관계자 간담회,8,90000,11250,카드,2026-01,22,
2026-01-25-45ce39,2026-01-13,13:00:01,운영위원장,(주)태성푸드,(주)태성푸드,민원 및 현안 관련 유관단체 관계자 간담회,4,81000,20250,카드,2026-01,13,
2026-01-26-3da071,2026-01-13,19:14:34,운영위원장,롯데백화점(주)청량,롯데백화점(주)청량,현안 관련 관계자 간담회,5,248000,49600,카드,2026-01,19,
2026-01-27-7779e9,2026-01-13,12:44:28,복지건설위원장,최강낙지,최강낙지,현안 관련 유관기관 관계자 간담회,3,94000,31333.333333333332,카드,2026-01,12,
2026-01-28-040f55,2026-01-14,12:09:31,의장,최강낙지,최강낙지,민원 및 현안 관련 유관단체 관계자 간담회,6,108000,18000,카드,2026-01,12,
2026-01-29-eab41c,2026-01-14,18:33:37,의장,전시회제기본점,전시회제기본점,민원 및 현안 관련 관계자 간담회,8,300000,37500,카드,2026-01,18,
2026-01-30-cf827f,2026-01-14,20:36:45,부의장,씨마트,씨마트,지역현안 관련 유관기관 관계자 간담회,7,132000,18857.14285714286,카드,2026-01,20,
2026-01-31-75b394,2026-01-15,12:32:38,의장,최강낙지,최강낙지,현안 관련 관계자 간담회,5,82000,16400,카드,2026-01,12,
2026-01-32-bd2076,2026-01-15,20:17:26,의장,해다원해물찜,해다원해물찜,민원 및 현안 관련 관계자 간담회,7,90000,12857.142857142857,카드,2026-01,20,
2026-01-33-10ba3c,2026-01-15,20:43:55,부의장,토담마을,토담마을,현안 관련 유관기관 관계자 간담회,13,353000,27153.846153846152,카드,2026-01,20,
2026-01-34-1fb885,2026-01-15,13:19:30,운영위원장,최강낙지,최강낙지,민원 및 현안 관련 관계자 간담회,8,259000,32375,카드,2026-01,13,
2026-01-35-7a5e0e,2026-01-15,13:10:53,행정기획위원장,이삭,이삭,민원 및 현안 관련 관계자 간담회,3,13800,4600,카드,2026-01,13,
2026-01-36-9a708d,2026-01-15,17:39:52,복지건설위원장,다옴감자탕 양평해장,다옴감자탕양평해장,민원 및 현안 관련 유관기관 관계자 간담회,9,237000,26333.333333333332,카드,2026-01,17,
2026-01-37-506f02,2026-01-16,12:54:44,의장,해뜰날,해뜰날,현안 관련 관계자 간담회,6,72000,12000,카드,2026-01,12,
2026-01-38-756ca3,2026-01-16,20:53:05,부의장,황금코다리,황금코다리,현안 관련 관계자 간담회,6,114000,19000,카드,2026-01,20,
2026-01-39-408194,2026-01-16,21:00:15,부의장,빈칸(BEAN KHAN),빈칸(BEANKHAN),의회 현안 관련 관계자 간담회,6,27000,4500,카드,2026-01,21,
2026-01-40-7d97b0,2026-01-16,12:41:57,운영위원장,(주)에스푸드,(주)에스푸드,현안 관련 관계자 간담회,3,26000,8666.666666666666,카드,2026-01,12,
2026-01-41-3aa692,2026-01-16,19:29:09,운영위원장,와규스타(WAGYUSTAR),와규스타(WAGYUSTAR),지역민원 및 현안 논의에 따른 관계자 간담회,6,279000,46500,카드,2026-01,19,
2026-01-42-0ae4bb,2026-01-16,11:46:50,복지건설위원장,토성옥,토성옥,현안업무 추진 사무국 직원 격려 간담회,4,64000,16000,카드,2026-01,11,
2026-01-43-f40457,2026-01-16,18:39:23,복지건설위원장,우돈마루,우돈마루,지역 민원 관련 유관기관 관계자 간담회,4,157000,39250,카드,2026-01,18,
2026-01-44-69bbce,2026-01-20,13:24:27,의장,부뚜막흑염소,부뚜막흑염소,민원 및 현안 관련 관계자 간담회,6,136000,22666.666666666668,카드,2026-01,13,
2026-01-45-2db667,2026-01-20,13:34:26,의장,이디야커피 장한평군,이디야커피장한평군,민원 및 현안 관련 관계자 간담회,2,7700,3850,카드,2026-01,13,
2026-01-46-567b5f,2026-01-20,19:38:41,의장,한옥정,한옥정,민원 및 현안 관련 유관단체 관계자 간담회,7,210000,30000,카드,2026-01,19,
2026-01-47-98afd0,2026-01-20,20:02:58,운영위원장,구이선생,구이선생,민원 및 현안 관련 유관단체 관계자 간담회,7,284000,40571.42857142857,카드,2026-01,20,
2026-01-48-378392,2026-01-21,22:21:10,운영위원장,㈜피크트리,㈜피크트리,지역민원 및 현안 논의에 따른 관계자 간담회,5,225400,45080,카드,2026-01,22,
2026-01-49-cf1413,2026-01-21,12:48:41,복지건설위원장,최강낙지,최강낙지,의회현안업무 논의에 따른 관계자 간담회,5,162000,32400,카드,2026-01,12,
2026-01-50-f9d109,2026-01-22,12:45:45,의장,우리식당,우리식당,현안업무 추진 사무국 직원 격려 간담회,4,42000,10500,카드,2026-01,12,
2026-01-51-950565,2026-01-22,18:59:37,의장,장수식당,장수식당,민원 및 현안 관련 관계자 간담회,7,120000,17142.85714285714,카드,2026-01,18,
2026-01-52-8a44e3,2026-01-22,12:33:07,부의장,광주회관,광주회관,민원 및 현안 관련 관계자 간담회,8,188000,23500,카드,2026-01,12,
2026-01-53-f3bd07,2026-01-23,12:53:47,의장,청마루 한우,청마루한우,현안 관련 관계자 간담회,5,74000,14800,카드,2026-01,12,
2026-01-54-b16a1b,2026-01-23,19:20:00,의장,다올낙지,다올낙지,민원 및 현안 관련 관계자 간담회,5,77000,15400,카드,2026-01,19,
2026-01-55-3d0419,2026-01-23,12:12:15,부의장,황금코다리,황금코다리,현안관련 유관기관 관계자 간담회,4,65000,16250,카드,2026-01,12,
2026-01-56-081671,2026-01-23,19:01:15,운영위원장,다퍼줘,다퍼줘,현안 관련 유관단체 관계자 간담회,7,336000,48000,카드,2026-01,19,
2026-01-57-619885,2026-01-26,12:23:14,의장,제주은희네해장국,제주은희네해장국,현안업무 추진 사무국 직원 격려 간담회,4,50000,12500,카드,2026-01,12,
2026-01-58-860de8,2026-01-26,13:47:05,부의장,수제왕갈비,수제왕갈비,지역 민원 사항 관련 관계자 간담회,7,209000,29857.14285714286,카드,2026-01,13,
2026-01-59-61888f,2026-01-26,16:49:16,운영위원장,이디야커피 용두동점,이디야커피용두동점,현안업무 추진 사무국 직원 격려 간담회,3,6400,2133.3333333333335,카드,2026-01,16,
2026-01-60-4d7147,2026-01-26,20:04:51,운영위원장,부산횟집,부산횟집,현안 관련 관계자 간담회,3,110000,36666.666666666664,카드,2026-01,20,
2026-01-61-b9a305,2026-01-26,21:00:44,행정기획위원장,주문진,주문진,지역 현안 관련 관계자 간단회,16,480000,30000,카드,2026-01,21,
2026-01-62-257e2a,2026-01-27,18:44:39,의장,부산횟집,부산횟집,현안 관련 관계자 간담회,9,300000,33333.333333333336,카드,2026-01,18,
2026-01-63-7eb4a6,2026-01-27,20:50:42,부의장,씨마트,씨마트,지역현안 관련 관계자 간담회,4,91000,22750,카드,2026-01,20,
2026-01-64-616574,2026-01-27,20:27:11,운영위원장,(주)고깃집공간,(주)고깃집공간,의회현안업무 논의에 따른 관계자 간담회,6,233000,38833.333333333336,카드,2026-01,20,
2026-01-65-e878d6,2026-01-27,13:26:13,행정기획위원장,메가MGC커피 용두동,메가MGC커피용두동,현안 관련 관계자 간담회,2,3400,1700,카드,2026-01,13,
2026-01-66-b4c306,2026-01-28,19:08:23,의장,쿠우쿠우,쿠우쿠우,민원 및 현안 관련 유관단체 관계자 간담회,6,194500,32416.666666666668,카드,2026-01,19,
2026-01-67-90fe13,2026-01-28,12:43:21,부의장,풍천숯불장어세상,풍천숯불장어세상,의회 현안사항 관계자 간담회,8,369000,46125,카드,2026-01,12,
2026-01-68-2f2b55,2026-01-28,21:35:13,운영위원장,참치본가,참치본가,민원 및 현안 관련 관계자 간담회,5,200000,40000,카드,2026-01,21,
2026-01-69-f30165,2026-01-30,20:09:40,부의장,돼지왕,돼지왕,제349회임시회관련 의회현안 논의관계자간담회,7,264000,37714.28571428572,카드,2026-01,20,
2026-02-1-aabb0c,2026-02-03,22:12:26,부의장,(주)미진미트 미진축,(주)미진미트미진축,제349회 임시회 관련 의회현안업무 논의 간담회,8,225300,28162.5,카드,2026-02,22,
2026-02-2-921f7a,2026-02-04,20:38:46,운영위원장,참치본가,참치본가,의회현안업무 논의에 따른 관계자 간담회,4,134000,33500,카드,2026-02,20,
2026-02-3-2030ed,2026-02-05,18:35:54,의장,조영환의 대양한방숯,조영환의대양한방숯,민원 및 현안 관련 유관단체 관계자 간담회,9,310000,34444.444444444445,카드,2026-02,18,
2026-02-4-d34b6d,2026-02-05,14:23:06,부의장,토담마을,토담마을,의회현안업무 논의에 따른 관계자 간담회,12,224000,18666.666666666668,카드,2026-02,14,
2026-02-5-c0d7d4,2026-02-05,20:55:25,부의장,꼬기9.2,꼬기9.2,지역 현안사항 업무추진에 따른 관계자 간담회,13,299000,23000,카드,2026-02,20,
2026-02-6-28411b,2026-02-05,17:58:47,복지건설위원장,춘천닭갈비,춘천닭갈비,현안 관련 관계자 간담회,3,79000,26333.333333333332,카드,2026-02,17,
2026-02-7-56de2d,2026-02-06,17:44:44,의장,수영상회,수영상회,설명절 사무국 직원격려 물품 구매,13,420000,32307.69230769231,카드,2026-02,17,
2026-02-8-dab23c,2026-02-06,19:51:50,의장,대가숯불갈비,대가숯불갈비,지역민원 및 현안 논의에 따른 관계자 간담회,6,160000,26666.666666666668,카드,2026-02,19,
2026-02-9-a67a76,2026-02-06,19:16:35,운영위원장,롯데백화점(주)청량,롯데백화점(주)청량,현안 관련 관계자 간담회,8,357000,44625,카드,2026-02,19,
2026-02-10-71d6d5,2026-02-09,10:27:20,의장,면목과일,면목과일,설명절 사무국 직원격려 물품 구매,13,420000,32307.69230769231,카드,2026-02,10,
2026-02-11-feec5a,2026-02-09,19:09:30,의장,남원,남원,민원 및 현안 관련 유관단체 관계자 간담회,8,170000,21250,카드,2026-02,19,
2026-02-12-4a1dc4,2026-02-09,12:11:30,부의장,해송,해송,지역현안 관련 관계자 간담회,5,109000,21800,카드,2026-02,12,
2026-02-13-39ffb9,2026-02-09,20:16:43,부의장,부산횟집,부산횟집,지역현안 유관기관 관계자 간담회,8,372000,46500,카드,2026-02,20,
2026-02-14-7f730b,2026-02-09,12:06:03,복지건설위원장,만선애꿈,만선애꿈,현안업무 추진 사무국 직원 격려 간담회,3,58000,19333.333333333332,카드,2026-02,12,
2026-02-15-8b7e77,2026-02-09,19:12:00,복지건설위원장,동강오리,동강오리,지역민원 관련 유관단체 관계자 간담회,4,109000,27250,카드,2026-02,19,
2026-02-16-9265e6,2026-02-10,12:19:35,의장,최강낙지,최강낙지,현안 관련 유관단체 관계자 간담회,5,82000,16400,카드,2026-02,12,
2026-02-17-1a9d3b,2026-02-10,12:35:07,의장,카페 브룩,카페브룩,현안 관련 유관단체 관계자 간담회,5,16300,3260,카드,2026-02,12,
2026-02-18-a9eff2,2026-02-10,13:30:09,의장,여기한과,여기한과,설명절 사무국 직원격려 물품 구매,7,310000,44285.71428571428,카드,2026-02,13,
2026-02-19-0186bf,2026-02-10,20:04:22,의장,조영환의 대양한방숯,조영환의대양한방숯,지역민원 및 현안 논의에 따른 관계자 간담회,13,320000,24615.384615384617,카드,2026-02,20,
2026-02-20-f8fe3d,2026-02-10,19:54:09,운영위원장,허브영양족발,허브영양족발,현안 관련 유관단체 관계자 간담회,3,76000,25333.333333333332,카드,2026-02,19,
2026-02-21-0c9133,2026-02-10,12:58:55,행정기획위원장,우정김밥분식,우정김밥분식,현안 관련 관계자 간담회,3,22000,7333.333333333333,카드,2026-02,12,
2026-02-22-b72916,2026-02-10,13:37:41,복지건설위원장,엄마네 명품 한우,엄마네명품한우,민원 및 현안 관련 관계자 간담회,7,256000,36571.42857142857,카드,2026-02,13,
2026-02-23-3d5cac,2026-02-11,12:09:01,의장,남원,남원,현안 관련 관계자 간담회,6,100000,16666.666666666668,카드,2026-02,12,
2026-02-24-0e47fa,2026-02-11,13:05:58,운영위원장,가도,가도,지역현안 논의에 따른 관계자 간담회,6,247000,41166.666666666664,카드,2026-02,13,
2026-02-25-4c51f3,2026-02-11,18:28:40,행정기획위원장,가마치통닭 장안휘경,가마치통닭장안휘경,지역민원 논의에 따른 관계자 간담회,3,32000,10666.666666666666,카드,2026-02,18,
2026-02-26-04b7ec,2026-02-11,12:27:52,복지건설위원장,장수식당,장수식당,현안 관련 유관기관 관계자 간담회,3,66000,22000,카드,2026-02,12,
2026-02-27-ce3ce8,2026-02-12,11:35:31,의장,수영상회,수영상회,설명절 사무국 직원격려 물품 구매,2,42000,21000,카드,2026-02,11,
2026-02-28-22192c,2026-02-12,12:44:56,의장,소문난집,소문난집,현안업무 추진 사무국 직원 격려 간담회,3,30000,10000,카드,2026-02,12,
2026-02-29-a5ffb2,2026-02-12,13:46:59,의장,여기한과,여기한과,설명절 사무국 직원격려 물품 구매,5,250000,50000,카드,2026-02,13,
2026-02-30-51860b,2026-02-12,19:36:08,의장,봉화골생고기,봉화골생고기,현안 관련 관계자 간담회,6,210000,35000,카드,2026-02,19,
2026-02-31-132e79,2026-02-12,12:28:40,운영위원장,동강오리,동강오리,민원 및 현안 관련 유관단체 관계자 간담회,7,250000,35714.28571428572,카드,2026-02,12,
2026-02-32-961b5f,2026-02-12,18:51:56,복지건설위원장,원성집,원성집,지역민원 및 현안 논의에 따른 관계자 간담회,3,65000,21666.666666666668,카드,2026-02,18,
2026-02-33-efa05d,2026-02-13,16:49:36,의장,(주)태성푸드,(주)태성푸드,민원 및 현안 관련 유관단체 관계자 간담회,7,120000,17142.85714285714,카드,2026-02,16,
2026-02-34-b9c7a2,2026-02-13,20:29:48,복지건설위원장,동강오리,동강오리,민원 관련 유관기관 관계자 간담회,6,154000,25666.666666666668,카드,2026-02,20,
2026-02-35-019762,2026-02-19,20:05:32,의장,미스사이공 장안점,미스사이공장안점,지역민원 및 현안 논의에 따른 관계자 간담회,8,112000,14000,카드,2026-02,20,
2026-02-36-01e563,2026-02-19,19:03:13,운영위원장,할머니홍어집,할머니홍어집,현안 관련 관계자 간담회,8,254000,31750,카드,2026-02,19,
2026-02-37-51677e,2026-02-19,13:14:14,복지건설위원장,마포갈비,마포갈비,지역민원 및 현안 논의에 따른 관계자 간담회,5,142000,28400,카드,2026-02,13,
2026-02-38-219ca9,2026-02-19,20:38:13,복지건설위원장,장어세상,장어세상,현안 관련 유관단체 관계자 간담회,4,153000,38250,카드,2026-02,20,
2026-02-39-629a4f,2026-02-20,19:31:53,의장,우마루(중화점),우마루(중화점),현안 관련 관계자 간담회,5,73000,14600,카드,2026-02,19,
2026-02-40-e11327,2026-02-20,13:13:19,운영위원장,홍가네,홍가네,현안 관련 유관기관 관계자 간담회,4,180000,45000,카드,2026-02,13,
2026-02-41-f60275,2026-02-20,20:03:54,운영위원장,용두동복집,용두동복집,현안 관련 관계자 간담회,4,239000,59750,카드,2026-02,20,
2026-02-42-6e7c59,2026-02-25,19:44:37,복지건설위원장,동강오리,동강오리,현안업무 추진 사무국 직원 격려 간담회,4,139000,34750,카드,2026-02,19,
2026-02-43-a05fb8,2026-02-26,13:22:16,운영위원장,알리고,알리고,의회현안업무 논의에 따른 관계자 간담회,2,23000,11500,카드,2026-02,13,
2026-02-44-4698b3,2026-02-26,13:40:40,행정기획위원장,흑선,흑선,현안 관련 관계자 간담회,6,152600,25433.333333333332,카드,2026-02,13,
2026-02-45-d6d152,2026-02-27,21:55:37,의장,사조회참치장한평점,사조회참치장한평점,현안 관련 유관단체 관계자 간담회,3,80000,26666.666666666668,카드,2026-02,21,
2026-02-46-c19706,2026-02-27,12:58:20,부의장,풍천숯불장어세상,풍천숯불장어세상,지역민원사항 관련 관계자 간담회,10,268000,26800,카드,2026-02,12,
2026-02-47-6ef416,2026-02-27,10:34:51,운영위원장,산촌쌈밥,산촌쌈밥,민원 및 현안 관련 유관기관 관계자 간담회,6,285000,47500,카드,2026-02,10,
2026-02-48-4136b1,2026-02-27,21:08:28,운영위원장,용두동쭈꾸미,용두동쭈꾸미,지역현안 관련 관계자 간담회,5,171000,34200,카드,2026-02,21,
